Id medidor,Nombre Equipo,Fecha,KiloWattHora Fase 1,KiloWattHora Fase 2,KiloWattHora Fase 3,KiloWattHora Totales,KiloVoltAmpereReactivoHora Fase 1,KiloVoltAmpereReactivoHora Fase 2,KiloVoltAmpereReactivoHora Fase 3,KiloVoltAmpereReactivoHora Totales,KiloVoltAmpereHora Fase 1 ,KiloVoltAmpereHora Fase 2 ,KiloVoltAmpereHora Fase 3 ,KiloVoltAmpereHora Totales,Voltaje Fase 1 ,Voltaje Fase 2 ,Voltaje Fase 3,Corriente Fase 1 ,Corriente Fase 2 ,Corriente Fase 3 ,KiloWatts Fase 1,KiloWatts Fase 2 ,KiloWatts Fase 3 ,KiloWatts Totales,KiloVoltAmpereReactivo Fase 1 ,KiloVoltAmpereReactivo Fase 2 ,KiloVoltAmpereReactivo Fase 3 ,KiloVoltAmperesReactivo Totales,KiloVoltAmpere Fase 1 , KiloVoltAmpere Fase 2 ,KiloVoltAmpere Fase 3 ,KiloVoltAmpere Totales,Factor de Potencia Fase 1 ,Factor de Potencia Fase 2 , Factor de Potencia Fase 3,Factor de Potencia Total,Frecuencia Fase,kW import sliding window demand,kvar impor sliding window demand,kVA sliding window demand
912201,PM130EH,Thu Jun 27 00:01:42 CDT 2013,11021.0,7371.0,9127.999,75668.0,1303.0001,194.0,4491.0,24759.0,11362.0,8389.0,10295.0,81101.0,127.6,128.6,129.0,14.18,5.41,8.8,1.767,0.374,0.834,2.983,0.211,-0.478,0.69,0.43,1.779,0.606,1.082,3.014,0.993,-0.616,0.771,0.99,60.0,3.104,0.009,3.124
912201,PM130EH,Thu Jun 27 00:06:42 CDT 2013,11021.0,7371.0,9127.999,75668.0,1303.0001,194.0,4491.0,24759.0,11363.0,8389.0,10295.0,81101.0,126.4,127.3,128.8,21.29,11.31,8.8,2.67,1.092,0.84,4.639,-0.111,-0.875,0.683,0.0,2.673,1.4,1.082,4.648,-0.999,-0.78,0.776,-0.998,59.98,3.64,0.111,3.661
912201,PM130EH,Thu Jun 27 00:11:42 CDT 2013,11022.0,7371.0,9127.999,75668.0,1303.0001,194.0,4491.0,24759.0,11363.0,8389.0,10295.0,81101.0,126.7,127.2,128.8,15.39,11.39,9.08,1.909,1.101,0.894,3.909,0.204,-0.882,0.682,0.009,1.92,1.411,1.124,3.909,0.994,-0.781,0.795,1.0,59.97,3.64,0.111,3.661
912201,PM130EH,Thu Jun 27 00:16:45 CDT 2013,11022.0,7371.0,9127.999,75669.0,1303.0001,194.0,4491.0,24759.0,11363.0,8389.0,10295.0,81101.99,127.2,128.1,128.9,16.69,6.96,8.51,2.04,0.683,0.816,3.545,-0.47,-0.469,0.658,0.0,2.093,0.829,1.048,3.556,-0.975,-0.824,0.779,-0.997,60.02,3.64,0.111,3.661
912201,PM130EH,Thu Jun 27 00:21:42 CDT 2013,11022.0,7371.0,9127.999,75669.0,1303.0001,194.0,4491.0,24759.0,11364.0,8389.0,10295.0,81101.99,128.1,128.1,128.2,9.04,6.39,8.89,1.083,0.556,0.852,2.485,-0.183,-0.498,0.682,0.003,1.099,0.747,1.091,2.485,-0.986,-0.745,0.781,1.0,60.02,3.859,0.098,3.875
912201,PM130EH,Thu Jun 27 00:26:42 CDT 2013,11022.0,7371.0,9127.999,75669.0,1303.0001,194.0,4491.0,24759.0,11364.0,8389.0,10295.0,81101.99,127.9,127.3,129.1,9.12,12.83,8.93,1.09,1.31,0.874,3.25,-0.143,-0.92,0.682,0.0,1.099,1.6,1.108,3.274,-0.991,-0.818,0.788,-0.993,60.06,3.859,0.098,3.875
912201,PM130EH,Thu Jun 27 00:31:45 CDT 2013,11023.0,7371.0,9127.999,75670.0,1303.0001,194.0,4491.0,24759.0,11364.0,8389.0,10295.0,81103.0,127.9,128.3,128.4,8.99,6.03,8.61,1.082,0.464,0.819,2.375,-0.181,-0.521,0.665,0.0,1.097,0.697,1.055,2.375,-0.986,-0.665,0.776,1.0,60.06,3.859,0.098,3.875
912201,PM130EH,Thu Jun 27 00:36:42 CDT 2013,11023.0,7371.0,9127.999,75670.0,1303.0001,194.0,4491.0,24759.0,11365.0,8389.0,10295.0,81103.0,127.8,128.3,128.9,9.09,5.53,8.57,1.093,0.383,0.831,2.308,-0.155,-0.493,0.656,0.007,1.104,0.625,1.059,2.308,-0.99,-0.614,0.785,1.0,60.01,3.018,0.006,3.035
912201,PM130EH,Thu Jun 27 00:41:42 CDT 2013,11023.0,7371.0,9127.999,75670.0,1303.0001,194.0,4491.0,24759.0,11365.0,8389.0,10295.0,81103.0,128.4,127.7,128.9,7.86,11.43,8.91,0.929,1.098,0.839,2.866,-0.171,-0.898,0.706,0.0,0.945,1.419,1.096,2.889,-0.983,-0.774,0.765,-0.992,59.94,3.018,0.006,3.035
912201,PM130EH,Thu Jun 27 00:46:42 CDT 2013,11023.0,7371.0,9127.999,75670.0,1303.0001,194.0,4491.0,24759.0,11365.0,8389.0,10295.0,81103.0,127.2,127.7,129.5,14.29,12.04,9.1,1.768,1.222,0.895,3.881,0.234,-0.872,0.696,0.058,1.783,1.501,1.134,3.881,0.991,-0.814,0.789,1.0,60.05,3.018,0.006,3.035
912201,PM130EH,Thu Jun 27 00:51:42 CDT 2013,11024.0,7371.0,9127.999,75671.0,1303.0001,194.0,4491.0,24759.0,11365.0,8389.0,10295.0,81104.0,127.2,128.3,129.1,14.14,5.74,8.68,1.756,0.473,0.832,3.079,0.216,-0.457,0.676,0.441,1.769,0.658,1.072,3.11,0.993,-0.72,0.776,0.99,59.95,2.879,0.103,2.894
912201,PM130EH,Thu Jun 27 00:56:45 CDT 2013,11024.0,7371.0,9127.999,75671.0,1303.0001,194.0,4491.0,24759.0,11365.0,8390.0,10295.0,81104.0,127.0,127.7,129.4,14.16,11.46,9.1,1.75,1.107,0.886,3.734,0.23,-0.9,0.703,0.015,1.765,1.427,1.131,3.734,0.991,-0.776,0.784,1.0,59.97,2.879,0.103,2.894
912201,PM130EH,Thu Jun 27 01:01:45 CDT 2013,11024.0,7371.0,9127.999,75671.0,1303.0001,194.0,4492.0005,24759.0,11365.0,8390.0,10295.0,81104.0,126.8,127.3,128.7,13.98,11.3,8.97,1.728,1.091,0.879,3.693,0.198,-0.877,0.678,0.0,1.739,1.4,1.11,3.693,0.994,-0.779,0.792,1.0,59.99,2.879,0.103,2.894
912201,PM130EH,Thu Jun 27 01:06:45 CDT 2013,11024.0,7371.0,9127.999,75671.0,1303.0001,194.0,4492.0005,24759.0,11365.0,8390.0,10295.0,81104.0,127.4,127.9,128.0,7.92,5.36,8.71,0.918,0.37,0.861,2.14,-0.177,-0.476,0.641,0.0,0.935,0.602,1.074,2.14,-0.982,-0.614,0.802,1.0,60.0,3.309,0.213,3.324
912201,PM130EH,Thu Jun 27 01:11:42 CDT 2013,11024.0,7371.0,9129.0,75672.0,1303.0001,194.0,4492.0005,24759.0,11365.0,8390.0,10296.001,81105.0,127.3,127.9,128.2,9.14,5.84,8.38,1.096,0.452,0.811,2.384,-0.178,-0.499,0.635,0.0,1.11,0.673,1.03,2.384,-0.987,-0.671,0.787,1.0,60.02,3.309,0.213,3.324
912201,PM130EH,Thu Jun 27 01:16:42 CDT 2013,11024.0,7371.0,9129.0,75672.0,1303.0001,194.0,4492.0005,24759.0,11365.0,8390.0,10296.001,81105.0,127.8,126.9,128.3,8.9,13.2,8.94,1.06,1.395,0.867,3.323,-0.182,-0.867,0.674,0.0,1.076,1.643,1.098,3.344,-0.986,-0.849,0.79,-0.994,60.01,3.309,0.213,3.324
912201,PM130EH,Thu Jun 27 01:21:42 CDT 2013,11024.0,7371.0,9129.0,75672.0,1303.0001,194.0,4492.0005,24759.0,11365.0,8390.0,10296.001,81105.0,127.9,127.9,128.0,8.93,6.11,8.83,1.067,0.561,0.854,2.483,-0.191,-0.434,0.663,0.038,1.084,0.71,1.081,2.483,-0.984,-0.791,0.79,1.0,60.04,2.756,0.001,2.769
912201,PM130EH,Thu Jun 27 01:26:45 CDT 2013,11024.0,7371.0,9129.0,75672.0,1303.0001,194.0,4492.0005,24759.0,11365.0,8390.0,10296.001,81105.0,127.7,128.2,128.5,8.94,5.69,8.87,1.064,0.463,0.877,2.397,-0.159,-0.464,0.658,0.029,1.076,0.655,1.096,2.397,-0.989,-0.706,0.8,1.0,60.02,2.756,0.001,2.769
912201,PM130EH,Thu Jun 27 01:31:45 CDT 2013,11024.0,7371.0,9130.0,75672.0,1303.0001,194.0,4492.0005,24759.0,11366.0,8390.0,10296.001,81106.0,127.9,127.4,128.4,8.94,11.27,9.01,1.064,1.086,0.877,3.041,-0.183,-0.877,0.678,0.0,1.079,1.396,1.108,3.064,-0.986,-0.778,0.791,-0.992,60.0,2.756,0.001,2.769
912201,PM130EH,Thu Jun 27 01:36:45 CDT 2013,11024.0,7371.0,9130.0,75673.0,1303.0001,194.0,4492.0005,24759.0,11366.0,8390.0,10296.001,81106.0,127.0,127.3,128.7,15.08,11.28,9.06,1.875,1.09,0.889,3.839,0.2,-0.877,0.676,0.0,1.886,1.399,1.117,3.839,0.994,-0.779,0.796,1.0,60.06,2.761,0.016,2.771
912201,PM130EH,Thu Jun 27 01:41:42 CDT 2013,11024.0,7371.0,9130.0,75673.0,1303.0001,194.0,4492.0005,24759.0,11366.0,8390.0,10296.001,81106.0,126.8,128.2,128.9,14.19,5.27,8.62,1.757,0.365,0.848,2.981,0.207,-0.468,0.647,0.397,1.769,0.594,1.067,3.007,0.993,-0.615,0.795,0.991,60.03,2.761,0.016,2.771
912201,PM130EH,Thu Jun 27 01:46:42 CDT 2013,11024.0,7371.0,9130.0,75673.0,1303.0001,194.0,4492.0005,24759.0,11366.0,8391.0,10296.001,81106.0,127.0,128.1,128.3,14.03,5.28,8.66,1.745,0.36,0.831,2.947,0.176,-0.47,0.657,0.37,1.754,0.592,1.06,2.97,0.995,-0.607,0.784,0.992,60.01,2.761,0.016,2.771
912201,PM130EH,Thu Jun 27 01:51:42 CDT 2013,11025.0,7371.0,9130.0,75674.0,1303.0001,194.0,4492.0005,24759.0,11366.0,8391.0,10296.001,81107.0,127.2,127.2,128.6,14.01,11.65,8.66,1.745,1.178,0.828,3.77,0.184,-0.836,0.668,0.025,1.754,1.445,1.064,3.77,0.994,-0.816,0.778,1.0,60.03,3.359,0.203,3.371
912201,PM130EH,Thu Jun 27 01:56:42 CDT 2013,11025.0,7371.0,9130.0,75674.0,1303.0001,194.0,4492.0005,24759.0,11366.0,8391.0,10296.001,81107.0,127.9,128.1,128.1,7.93,5.84,8.48,0.938,0.452,0.81,2.207,-0.185,-0.501,0.65,0.0,0.956,0.675,1.039,2.207,-0.981,-0.67,0.78,1.0,60.0,3.359,0.203,3.371
912201,PM130EH,Thu Jun 27 02:01:45 CDT 2013,11025.0,7371.0,9130.0,75674.0,1303.0001,194.0,4492.0005,24759.0,11367.0,8391.0,10296.001,81107.0,127.6,128.1,128.4,7.97,5.82,8.58,0.935,0.453,0.847,2.221,-0.157,-0.5,0.637,0.0,0.948,0.675,1.06,2.221,-0.986,-0.671,0.799,1.0,60.03,3.359,0.203,3.371
912201,PM130EH,Thu Jun 27 02:06:42 CDT 2013,11025.0,7371.0,9130.0,75674.0,1303.0001,194.0,4492.0005,24759.0,11367.0,8391.0,10296.001,81107.0,127.4,127.1,128.6,9.44,11.82,8.42,1.138,1.163,0.811,3.097,-0.185,-0.895,0.647,0.0,1.153,1.468,1.037,3.128,-0.987,-0.793,0.782,-0.99,60.06,2.738,0.049,2.751
912201,PM130EH,Thu Jun 27 02:11:45 CDT 2013,11025.0,7372.0005,9130.0,75674.0,1303.0001,194.0,4492.0005,24759.0,11367.0,8391.0,10296.001,81107.0,127.4,127.0,128.0,8.93,11.29,8.89,1.062,1.087,0.868,3.017,-0.187,-0.877,0.661,0.0,1.079,1.397,1.091,3.044,-0.985,-0.778,0.796,-0.991,59.96,2.738,0.049,2.751
912201,PM130EH,Thu Jun 27 02:16:42 CDT 2013,11025.0,7372.0005,9130.0,75675.0,1303.0001,194.0,4492.0005,24759.0,11367.0,8391.0,10296.001,81108.0,127.5,127.9,128.0,9.01,5.8,8.56,1.081,0.475,0.826,2.382,-0.187,-0.468,0.645,0.0,1.097,0.667,1.048,2.382,-0.985,-0.712,0.788,1.0,60.02,2.738,0.049,2.751
912201,PM130EH,Thu Jun 27 02:21:42 CDT 2013,11025.0,7372.0005,9130.0,75675.0,1303.0001,194.0,4492.0005,24759.0,11367.0,8391.0,10297.0,81108.0,127.4,126.9,128.6,9.12,12.28,8.61,1.092,1.283,0.841,3.225,-0.151,-0.825,0.653,0.0,1.102,1.526,1.064,3.241,-0.991,-0.841,0.79,-0.995,59.96,2.668,0.001,2.68
912201,PM130EH,Thu Jun 27 02:26:45 CDT 2013,11025.0,7372.0005,9130.0,75675.0,1303.0001,194.0,4493.0,24759.0,11367.0,8391.0,10297.0,81108.0,126.6,127.0,128.8,15.52,12.28,9.35,1.919,1.284,0.975,4.18,0.216,-0.826,0.637,0.028,1.932,1.526,1.164,4.18,0.994,-0.841,0.837,1.0,60.02,2.668,0.001,2.68
912201,PM130EH,Thu Jun 27 02:31:42 CDT 2013,11026.0,7372.0005,9130.0,75675.0,1303.0001,194.0,4493.0,24759.0,11367.0,8391.0,10297.0,81109.0,126.5,128.0,128.5,15.29,5.35,8.51,1.898,0.369,0.826,3.127,0.191,-0.471,0.642,0.37,1.908,0.598,1.046,3.149,0.995,-0.616,0.79,0.993,59.97,2.668,0.001,2.68
912201,PM130EH,Thu Jun 27 02:36:45 CDT 2013,11026.0,7372.0005,9130.0,75676.0,1303.0001,194.0,4493.0,24759.0,11367.999,8391.0,10297.0,81109.0,126.9,128.1,128.3,13.89,5.42,8.94,1.72,0.374,0.885,2.973,0.183,-0.482,0.658,0.36,1.729,0.61,1.102,2.994,0.994,-0.614,0.802,0.993,60.01,3.427,0.169,3.438
912201,PM130EH,Thu Jun 27 02:41:42 CDT 2013,11026.0,7372.0005,9130.0,75676.0,1303.0001,194.0,4493.0,24759.0,11367.999,8391.0,10297.0,81109.0,127.8,127.2,128.4,8.04,11.25,8.46,0.948,1.082,0.803,2.829,-0.191,-0.875,0.657,0.0,0.967,1.392,1.038,2.859,-0.98,-0.778,0.774,-0.99,60.01,3.427,0.169,3.438
912201,PM130EH,Thu Jun 27 02:46:45 CDT 2013,11026.0,7372.0005,9130.0,75676.0,1303.0001,194.0,4493.0,24759.0,11367.999,8391.0,10297.0,81109.0,128.0,127.2,128.3,7.89,12.03,8.74,0.926,1.183,0.838,2.947,-0.198,-0.911,0.665,0.0,0.947,1.493,1.07,2.98,-0.978,-0.792,0.783,-0.989,60.07,3.427,0.169,3.438
912201,PM130EH,Thu Jun 27 02:51:42 CDT 2013,11027.0,7372.0005,9130.0,75676.0,1303.0001,194.0,4493.0,24759.0,11367.999,8391.0,10297.0,81110.0,127.7,128.0,128.5,7.65,6.25,8.41,0.909,0.558,0.823,2.282,-0.156,-0.473,0.631,0.003,0.922,0.731,1.037,2.282,-0.986,-0.763,0.794,1.0,60.07,2.865,0.077,2.879
912201,PM130EH,Thu Jun 27 02:56:45 CDT 2013,11027.0,7372.0005,9130.0,75677.0,1303.0001,194.0,4493.0,24759.0,11367.999,8392.0,10297.0,81110.0,127.9,127.1,128.2,7.45,11.73,8.86,0.876,1.183,0.863,2.896,-0.18,-0.843,0.662,0.0,0.895,1.453,1.088,2.918,-0.979,-0.814,0.793,-0.992,60.03,2.865,0.077,2.879
912201,PM130EH,Thu Jun 27 03:01:45 CDT 2013,11027.0,7372.0005,9130.0,75677.0,1303.0001,194.0,4493.0,24759.0,11367.999,8392.0,10297.0,81110.0,127.6,127.1,128.5,7.6,11.28,8.56,0.9,1.088,0.835,2.835,-0.142,-0.874,0.648,0.0,0.911,1.395,1.057,2.858,-0.988,-0.78,0.79,-0.992,59.96,2.865,0.077,2.879
912201,PM130EH,Thu Jun 27 03:06:45 CDT 2013,11027.0,7372.0005,9130.0,75677.0,1303.0001,194.0,4493.0,24759.0,11367.999,8392.0,10297.0,81110.0,127.6,128.1,127.8,8.64,5.36,8.66,1.045,0.365,0.836,2.232,-0.181,-0.475,0.644,0.0,1.061,0.599,1.055,2.232,-0.985,-0.609,0.792,1.0,60.02,2.552,0.006,2.565
912201,PM130EH,Thu Jun 27 03:11:45 CDT 2013,11027.0,7372.0005,9130.0,75677.0,1303.0001,194.0,4493.0,24759.0,11367.999,8392.0,10297.0,81110.0,126.6,128.2,128.8,15.02,5.31,8.61,1.865,0.37,0.852,3.05,0.234,-0.47,0.638,0.388,1.879,0.598,1.065,3.074,0.992,-0.618,0.801,0.992,60.06,2.552,0.006,2.565
912201,PM130EH,Thu Jun 27 03:16:42 CDT 2013,11028.0,7372.0005,9130.0,75678.0,1303.0001,194.0,4493.0,24759.0,11369.0,8392.0,10297.0,81111.0,126.8,127.2,129.1,14.98,11.92,8.68,1.861,1.202,0.844,3.898,0.241,-0.865,0.665,0.036,1.877,1.48,1.074,3.898,0.992,-0.812,0.785,1.0,59.97,2.552,0.006,2.565
912201,PM130EH,Thu Jun 27 03:21:45 CDT 2013,11028.0,7372.0005,9130.0,75678.0,1303.0001,194.0,4493.0,24759.0,11369.0,8392.0,10297.0,81111.0,127.1,127.2,128.5,14.7,11.85,8.82,1.838,1.189,0.849,3.88,0.203,-0.867,0.67,0.008,1.849,1.471,1.082,3.88,0.994,-0.808,0.785,1.0,60.03,3.153,0.129,3.166
912201,PM130EH,Thu Jun 27 03:26:42 CDT 2013,11028.0,7372.0005,9130.0,75678.0,1303.0001,194.0,4493.0,24759.0,11369.0,8392.0,10297.0,81111.0,126.7,128.0,128.4,14.74,6.07,8.86,1.83,0.563,0.882,3.273,0.227,-0.432,0.649,0.454,1.844,0.71,1.095,3.305,0.992,-0.793,0.805,0.991,60.03,3.153,0.129,3.166
912201,PM130EH,Thu Jun 27 03:31:45 CDT 2013,11028.0,7372.0005,9131.0,75679.0,1303.0001,194.0,4493.0,24759.0,11369.0,8393.0,10297.0,81112.0,127.6,128.0,127.7,8.46,5.35,8.75,1.02,0.364,0.846,2.236,-0.171,-0.476,0.653,0.003,1.034,0.599,1.069,2.236,-0.986,-0.608,0.791,1.0,59.98,3.153,0.129,3.166
912201,PM130EH,Thu Jun 27 03:36:42 CDT 2013,11028.0,7372.0005,9131.0,75679.0,1303.0001,194.0,4493.0,24759.0,11369.0,8393.0,10297.0,81112.0,128.1,127.1,128.4,7.46,12.81,8.61,0.887,1.335,0.821,3.056,-0.171,-0.873,0.664,0.0,0.904,1.595,1.056,3.08,-0.982,-0.837,0.778,-0.992,60.03,3.357,0.187,3.372
912201,PM130EH,Thu Jun 27 03:41:42 CDT 2013,11028.0,7372.0005,9131.0,75679.0,1303.0001,194.0,4493.0,24759.0,11369.0,8393.0,10297.0,81112.0,128.1,127.9,128.0,7.38,6.59,8.73,0.874,0.608,0.845,2.327,-0.172,-0.481,0.655,0.001,0.891,0.776,1.069,2.327,-0.981,-0.784,0.79,1.0,60.05,3.357,0.187,3.372
912201,PM130EH,Thu Jun 27 03:46:42 CDT 2013,11028.0,7372.0005,9131.0,75679.0,1303.0001,194.0,4494.0,24759.0,11369.0,8393.0,10298.0,81112.0,127.8,128.1,128.6,7.59,5.93,8.51,0.902,0.524,0.836,2.256,-0.142,-0.446,0.639,0.049,0.913,0.688,1.052,2.257,-0.988,-0.762,0.795,1.0,60.06,3.357,0.187,3.372
912201,PM130EH,Thu Jun 27 03:51:46 CDT 2013,11028.0,7373.0,9131.0,75679.0,1303.0001,194.0,4494.0,24759.0,11369.0,8393.0,10298.0,81112.0,128.0,127.2,128.9,7.57,12.06,8.45,0.903,1.241,0.819,2.958,-0.146,-0.842,0.649,0.0,0.914,1.5,1.045,2.979,-0.987,-0.827,0.784,-0.993,60.1,2.656,0.009,2.666
912201,PM130EH,Thu Jun 27 03:56:45 CDT 2013,11028.0,7373.0,9131.0,75680.0,1303.0001,194.0,4494.0,24759.0,11369.0,8393.0,10298.0,81113.0,128.2,127.1,128.4,7.44,12.57,8.53,0.888,1.338,0.813,3.039,-0.164,-0.809,0.658,0.0,0.903,1.564,1.046,3.055,-0.983,-0.856,0.777,-0.995,60.01,2.656,0.009,2.666
912201,PM130EH,Thu Jun 27 04:01:45 CDT 2013,11028.0,7373.0,9131.0,75680.0,1303.0001,194.0,4494.0,24759.0,11369.0,8393.0,10298.0,81113.0,127.3,128.1,128.3,13.58,5.95,9.0,1.693,0.521,0.874,3.086,0.218,-0.451,0.678,0.451,1.707,0.689,1.106,3.119,0.992,-0.756,0.79,0.989,59.99,2.656,0.009,2.666
912201,PM130EH,Thu Jun 27 04:06:45 CDT 2013,11028.0,7373.0,9131.0,75680.0,1303.0001,194.0,4494.0,24759.0,11369.0,8394.0,10298.0,81113.0,127.1,128.1,128.4,14.71,5.93,9.02,1.834,0.521,0.883,3.238,0.222,-0.446,0.676,0.451,1.848,0.686,1.111,3.269,0.993,-0.76,0.794,0.99,59.99,2.973,0.099,2.984
912201,PM130EH,Thu Jun 27 04:11:45 CDT 2013,11028.0,7373.0,9132.0,75680.0,1303.0001,194.0,4494.0,24759.0,11369.0,8394.0,10298.0,81114.0,127.1,127.2,128.7,14.86,12.0,8.66,1.856,1.235,0.825,3.916,0.216,-0.835,0.672,0.054,1.869,1.491,1.064,3.917,0.993,-0.829,0.775,1.0,60.0,2.973,0.099,2.984
912201,PM130EH,Thu Jun 27 04:16:45 CDT 2013,11028.0,7373.0,9132.0,75681.0,1303.0001,194.0,4494.0,24759.0,11369.0,8394.0,10298.0,81114.0,127.0,127.9,128.3,14.65,6.64,9.01,1.829,0.64,0.878,3.348,0.207,-0.449,0.674,0.432,1.841,0.782,1.107,3.375,0.994,-0.819,0.794,0.992,59.98,2.973,0.099,2.984
912201,PM130EH,Thu Jun 27 04:21:46 CDT 2013,11028.0,7373.0,9132.0,75681.0,1303.0001,194.0,4494.0,24759.0,11370.0,8394.0,10298.0,81114.0,127.9,127.9,127.8,8.5,6.48,8.83,1.026,0.619,0.848,2.493,-0.168,-0.442,0.667,0.057,1.039,0.761,1.079,2.494,-0.987,-0.814,0.786,1.0,59.97,3.561,0.255,3.576
912201,PM130EH,Thu Jun 27 04:26:46 CDT 2013,11028.0,7373.0,9132.0,75681.0,1303.0001,194.0,4494.0,24759.0,11370.0,8394.0,10298.0,81114.0,127.5,127.0,128.6,8.67,13.89,8.88,1.042,1.528,0.869,3.439,-0.131,-0.821,0.671,0.0,1.05,1.735,1.098,3.45,-0.992,-0.881,0.792,-0.997,60.02,3.561,0.255,3.576
912201,PM130EH,Thu Jun 27 04:31:42 CDT 2013,11029.0,7373.0,9132.0,75682.0,1303.0001,194.0,4494.0,24759.0,11370.0,8394.0,10298.0,81115.0,127.9,127.0,128.7,8.62,13.2,8.44,1.045,1.422,0.804,3.271,-0.144,-0.828,0.66,0.0,1.055,1.645,1.04,3.286,-0.991,-0.864,0.773,-0.995,60.02,3.561,0.255,3.576
912201,PM130EH,Thu Jun 27 04:36:42 CDT 2013,11029.0,7373.0,9132.0,75682.0,1303.0001,194.0,4494.0,24759.0,11370.0,8394.0,10298.0,81115.0,127.9,128.0,128.5,7.6,5.86,8.41,0.905,0.513,0.814,2.233,-0.142,-0.442,0.643,0.059,0.916,0.677,1.038,2.233,-0.988,-0.758,0.785,1.0,60.01,2.905,0.033,2.913
912201,PM130EH,Thu Jun 27 04:41:45 CDT 2013,11029.0,7373.0,9132.0,75682.0,1303.0001,194.0,4494.0,24759.0,11370.0,8394.0,10299.0,81115.0,128.1,128.1,127.9,7.41,5.9,8.77,0.879,0.513,0.841,2.24,-0.171,-0.446,0.665,0.05,0.895,0.68,1.072,2.241,-0.982,-0.754,0.785,1.0,60.0,2.905,0.033,2.913
912201,PM130EH,Thu Jun 27 04:46:45 CDT 2013,11029.0,7373.0,9132.0,75682.0,1303.0001,194.0,4494.0,24759.0,11370.0,8394.0,10299.0,81115.0,127.6,127.0,128.4,7.52,12.04,8.81,0.886,1.236,0.866,2.98,-0.14,-0.84,0.659,0.0,0.897,1.494,1.089,2.998,-0.988,-0.827,0.796,-0.994,60.01,2.905,0.033,2.913
912201,PM130EH,Thu Jun 27 04:51:45 CDT 2013,11029.0,7374.0,9132.0,75682.0,1303.0001,194.0,4494.0,24759.0,11370.0,8394.0,10299.0,81116.0,127.2,128.1,128.2,13.54,5.89,8.92,1.689,0.512,0.867,3.067,0.207,-0.446,0.666,0.423,1.702,0.679,1.093,3.096,0.993,-0.754,0.793,0.991,60.03,2.631,0.026,2.64
912201,PM130EH,Thu Jun 27 04:56:42 CDT 2013,11029.0,7374.0,9132.0,75683.0,1303.0001,194.0,4494.0,24759.0,11371.0,8394.0,10299.0,81116.0,126.9,128.0,128.7,13.83,6.32,8.57,1.713,0.618,0.841,3.164,0.239,-0.411,0.647,0.474,1.73,0.742,1.061,3.199,0.99,-0.833,0.793,0.989,60.01,2.631,0.026,2.64
912201,PM130EH,Thu Jun 27 05:01:42 CDT 2013,11029.0,7374.0,9132.0,75683.0,1303.0001,194.0,4494.0,24759.0,11371.0,8394.0,10299.0,81116.0,126.3,126.9,128.6,15.18,12.51,8.85,1.881,1.333,0.871,4.079,0.228,-0.798,0.665,0.091,1.894,1.554,1.095,4.08,0.993,-0.858,0.795,1.0,59.99,2.631,0.026,2.64
912201,PM130EH,Thu Jun 27 05:06:42 CDT 2013,11029.0,7374.0,9132.0,75683.0,1304.0,194.0,4494.0,24759.0,11371.0,8394.0,10299.0,81116.0,127.0,127.6,129.3,15.04,12.14,9.1,1.868,1.257,0.892,4.007,0.258,-0.842,0.695,0.111,1.886,1.513,1.131,4.008,0.991,-0.831,0.789,1.0,59.96,3.529,0.266,3.546
912201,PM130EH,Thu Jun 27 05:11:45 CDT 2013,11030.0,7374.0,9132.0,75684.0,1304.0,194.0,4494.0,24759.0,11372.0,8394.0,10299.0,81117.0,128.3,128.5,128.3,8.53,5.89,8.93,1.034,0.514,0.856,2.406,-0.149,-0.444,0.683,0.088,1.045,0.679,1.095,2.408,-0.99,-0.757,0.781,0.999,59.97,3.529,0.266,3.546
912201,PM130EH,Thu Jun 27 05:16:42 CDT 2013,11030.0,7374.0,9132.0,75684.0,1304.0,194.0,4494.0,24760.0,11372.0,8394.0,10299.0,81117.0,127.8,127.7,129.0,9.49,12.67,8.91,1.149,1.328,0.872,3.349,-0.169,-0.863,0.679,0.0,1.161,1.584,1.105,3.367,-0.989,-0.838,0.789,-0.994,60.03,3.529,0.266,3.546
912201,PM130EH,Thu Jun 27 05:21:45 CDT 2013,11030.0,7374.0,9132.0,75684.0,1304.0,194.0,4494.0,24760.0,11372.0,8394.0,10299.0,81117.0,128.2,127.6,128.8,8.54,12.54,9.03,1.03,1.287,0.881,3.197,-0.139,-0.895,0.686,0.0,1.039,1.567,1.116,3.216,-0.991,-0.821,0.789,-0.994,60.04,3.006,0.086,3.017
912201,PM130EH,Thu Jun 27 05:26:45 CDT 2013,11030.0,7374.0,9132.0,75684.0,1304.0,194.0,4494.0,24760.0,11372.0,8394.0,10299.0,81117.0,128.0,128.3,128.7,8.65,6.13,8.69,1.047,0.574,0.855,2.476,-0.12,-0.433,0.651,0.099,1.054,0.719,1.075,2.478,-0.993,-0.799,0.795,0.999,60.04,3.006,0.086,3.017
912201,PM130EH,Thu Jun 27 05:31:42 CDT 2013,11030.0,7374.0,9133.0,75685.0,1304.0,194.0,4494.0,24760.0,11373.0,8394.0,10299.0,81118.0,127.9,128.1,128.5,7.57,5.99,8.59,0.9,0.554,0.839,2.293,-0.126,-0.424,0.65,0.1,0.909,0.698,1.061,2.296,-0.99,-0.794,0.791,0.999,59.95,3.006,0.086,3.017
912201,PM130EH,Thu Jun 27 05:36:42 CDT 2013,11030.0,7374.0,9133.0,75685.0,1304.0,194.0,4494.0,24760.0,11373.0,8394.0,10299.0,81118.0,128.3,127.5,128.6,7.51,11.19,8.67,0.898,1.082,0.824,2.81,-0.157,-0.869,0.674,0.0,0.912,1.388,1.065,2.83,-0.985,-0.78,0.774,-0.993,60.02,2.71,0.035,2.718
912201,PM130EH,Thu Jun 27 05:41:45 CDT 2013,11030.0,7374.0,9133.0,75685.0,1304.0,194.0,4494.0,24760.0,11373.0,8394.0,10299.0,81118.0,127.2,127.6,129.3,13.89,11.29,8.8,1.724,1.098,0.863,3.669,0.251,-0.874,0.671,0.048,1.742,1.403,1.093,3.67,0.99,-0.782,0.789,1.0,60.02,2.71,0.035,2.718
912201,PM130EH,Thu Jun 27 05:46:42 CDT 2013,11030.0,7374.0,9133.0,75685.0,1304.0,194.0,4494.0,24760.0,11373.0,8394.0,10300.0,81118.0,127.1,128.1,128.1,13.54,5.3,8.9,1.689,0.36,0.862,2.917,0.207,-0.47,0.666,0.403,1.701,0.592,1.089,2.944,0.993,-0.608,0.791,0.991,59.96,2.71,0.035,2.718
912201,PM130EH,Thu Jun 27 05:51:45 CDT 2013,11030.0,7375.0,9133.0,75686.0,1304.0,194.0,4494.0,24760.0,11373.0,8394.0,10300.0,81119.0,127.3,127.2,128.3,13.49,11.23,9.56,1.683,1.083,0.987,3.753,0.206,-0.871,0.644,0.0,1.696,1.389,1.179,3.753,0.993,-0.779,0.838,1.0,59.97,3.16,0.203,3.174
912201,PM130EH,Thu Jun 27 05:56:45 CDT 2013,11030.0,7375.0,9133.0,75686.0,1304.0,194.0,4494.0,24760.0,11373.0,8394.0,10300.0,81119.0,127.9,127.3,128.7,7.57,11.2,9.69,0.903,1.084,1.007,2.994,-0.137,-0.867,0.67,0.0,0.913,1.388,1.209,3.012,-0.989,-0.781,0.833,-0.994,60.06,3.16,0.203,3.174
912201,PM130EH,Thu Jun 27 06:01:45 CDT 2013,11030.0,7375.0,9133.0,75686.0,1304.0,194.0,4494.0,24760.0,11373.0,8394.0,10300.0,81119.0,127.8,128.0,128.1,8.73,5.57,9.62,1.061,0.46,1.0,2.522,-0.149,-0.434,0.649,0.07,1.072,0.633,1.192,2.523,-0.99,-0.727,0.839,1.0,60.06,3.16,0.203,3.174
912201,PM130EH,Thu Jun 27 06:06:45 CDT 2013,11030.0,7375.0,9133.0,75686.0,1304.0,194.0,4494.0,24760.0,11373.0,8394.0,10301.0,81119.0,127.8,128.3,128.3,8.71,5.84,9.86,1.052,0.454,1.03,2.535,-0.116,-0.497,0.67,0.054,1.059,0.673,1.229,2.536,-0.994,-0.675,0.838,1.0,60.01,3.193,0.122,3.205
912201,PM130EH,Thu Jun 27 06:11:45 CDT 2013,11030.0,7376.0,9133.0,75687.0,1304.0,194.0,4494.0,24760.0,11373.0,8394.0,10301.0,81120.0,127.7,127.2,128.5,8.67,11.84,9.82,1.05,1.169,1.02,3.22,-0.127,-0.89,0.676,0.0,1.057,1.469,1.224,3.238,-0.993,-0.796,0.834,-0.994,59.99,3.193,0.122,3.205
912201,PM130EH,Thu Jun 27 06:16:46 CDT 2013,11030.0,7376.0,9133.0,75687.0,1304.0,194.0,4494.0,24760.0,11373.0,8394.0,10301.0,81120.0,127.8,127.5,128.6,8.69,11.29,10.01,1.05,1.097,1.04,3.151,-0.112,-0.87,0.691,0.0,1.056,1.4,1.249,3.166,-0.994,-0.783,0.833,-0.995,59.96,3.193,0.122,3.205
912201,PM130EH,Thu Jun 27 06:21:45 CDT 2013,11030.0,7376.0,9133.0,75687.0,1304.0,194.0,4494.0,24760.0,11374.0,8394.0,10301.0,81120.0,127.9,128.0,127.8,8.9,5.79,10.08,1.063,0.473,1.038,2.574,-0.158,-0.466,0.69,0.065,1.074,0.664,1.246,2.574,-0.989,-0.712,0.833,1.0,59.91,2.847,0.026,2.855
912201,PM130EH,Thu Jun 27 06:26:45 CDT 2013,11030.0,7376.0,9133.0,75687.0,1304.9999,194.0,4494.0,24760.0,11374.0,8394.0,10301.0,81120.0,126.9,127.2,128.6,15.26,11.77,10.16,1.89,1.186,1.065,4.141,0.24,-0.854,0.689,0.074,1.906,1.462,1.268,4.142,0.992,-0.811,0.84,1.0,60.02,2.847,0.026,2.855
912201,PM130EH,Thu Jun 27 06:31:45 CDT 2013,11031.0,7376.0,9133.0,75688.0,1304.9999,194.0,4494.0,24760.0,11374.0,8394.0,10301.0,81121.0,126.7,127.0,128.4,14.26,12.17,10.06,1.759,1.275,1.057,4.091,0.221,-0.811,0.675,0.084,1.773,1.511,1.254,4.092,0.992,-0.844,0.843,1.0,60.0,2.847,0.026,2.855
912201,PM130EH,Thu Jun 27 06:36:45 CDT 2013,11031.0,7376.0,9133.0,75688.0,1304.9999,194.0,4494.0,24760.0,11375.0,8394.0,10301.0,81121.0,127.2,127.8,128.0,12.1,4.99,9.53,1.455,0.403,0.992,2.85,0.373,-0.375,0.639,0.637,1.502,0.551,1.18,2.921,0.969,-0.732,0.841,0.976,60.02,3.404,0.165,3.416
912201,PM130EH,Thu Jun 27 06:41:45 CDT 2013,11031.0,7376.0,9133.0,75688.0,1304.9999,194.0,4494.0,24760.0,11375.0,8394.0,10301.0,81121.0,126.3,127.9,127.8,19.0,5.1,9.47,2.377,0.379,0.989,3.744,0.065,-0.427,0.628,0.266,2.378,0.571,1.171,3.754,1.0,-0.663,0.844,0.997,60.02,3.404,0.165,3.416
912201,PM130EH,Thu Jun 27 06:46:45 CDT 2013,11032.001,7376.0,9133.0,75688.0,1304.9999,194.0,4494.0,24760.0,11375.0,8394.0,10301.0,81122.0,127.4,126.9,128.0,13.7,12.71,9.77,1.673,1.316,1.041,4.484,-0.331,-0.674,0.619,0.184,1.705,1.479,1.211,4.487,-0.981,-0.89,0.859,0.999,60.05,3.404,0.165,3.416
912201,PM130EH,Thu Jun 27 06:51:45 CDT 2013,11032.001,7376.0,9133.0,75689.0,1304.9999,194.0,4494.0,24760.0,11376.0,8394.0,10301.0,81122.0,128.0,127.9,128.7,13.74,11.2,10.01,1.688,1.119,1.064,3.866,-0.322,-0.835,0.65,0.0,1.718,1.396,1.247,3.899,-0.982,-0.801,0.853,-0.991,60.07,3.683,0.21,3.711
912201,PM130EH,Thu Jun 27 06:56:45 CDT 2013,11032.001,7376.0,9133.0,75689.0,1304.9999,194.0,4494.0,24760.0,11376.0,8394.0,10301.0,81122.0,127.4,128.5,128.2,15.13,4.64,9.95,1.865,0.305,1.058,3.229,-0.319,-0.401,0.637,0.0,1.892,0.504,1.234,3.23,-0.986,-0.605,0.857,1.0,59.94,3.683,0.21,3.711
912201,PM130EH,Thu Jun 27 07:01:42 CDT 2013,11032.001,7376.0,9134.0,75690.0,1304.9999,194.0,4494.0,24760.0,11376.0,8394.0,10301.0,81123.0,126.4,125.9,127.4,35.17,28.51,27.56,4.429,3.402,3.422,11.204,-0.112,-1.1,0.715,0.0,4.431,3.575,3.496,11.216,1.0,-0.951,0.979,-0.999,59.98,3.683,0.21,3.711
912201,PM130EH,Thu Jun 27 07:06:42 CDT 2013,11032.001,7376.0,9134.0,75690.0,1304.9999,194.0,4494.0,24760.0,11377.0,8394.0,10301.0,81123.0,127.4,127.1,128.1,14.92,11.92,10.93,1.835,1.225,1.2,4.27,-0.326,-0.825,0.628,0.0,1.864,1.477,1.354,4.302,-0.985,-0.829,0.886,-0.992,60.04,3.943,0.011,3.977
912201,PM130EH,Thu Jun 27 07:11:42 CDT 2013,11032.001,7376.0,9134.0,75690.0,1304.9999,194.0,4494.0,24760.0,11377.0,8394.0,10301.0,81123.0,126.8,128.5,128.5,21.14,5.12,11.06,2.658,0.385,1.209,4.25,0.071,-0.427,0.65,0.3,2.659,0.575,1.372,4.261,1.0,-0.67,0.881,0.998,59.98,3.943,0.011,3.977
912201,PM130EH,Thu Jun 27 07:16:45 CDT 2013,11032.001,7376.0,9135.0,75691.0,1304.9999,194.0,4494.0,24760.0,11378.0,8394.0,10301.0,81124.0,126.4,128.4,128.2,22.14,4.65,9.75,2.777,0.302,1.038,4.122,-0.028,-0.403,0.593,0.168,2.777,0.504,1.196,4.125,1.0,-0.601,0.868,0.999,60.05,3.943,0.011,3.977
912201,PM130EH,Thu Jun 27 07:21:42 CDT 2013,11032.001,7376.0,9135.0,75691.0,1304.9999,194.0,4494.0,24760.0,11378.0,8394.0,10301.0,81124.0,126.4,127.0,128.6,21.35,12.83,9.52,2.675,1.319,0.996,5.011,0.02,-0.897,0.601,0.0,2.675,1.595,1.163,5.02,1.0,-0.827,0.856,-0.998,60.0,4.542,0.085,4.554
912201,PM130EH,Thu Jun 27 07:26:42 CDT 2013,11032.001,7376.0,9136.0,75691.0,1304.9999,194.0,4494.0,24760.0,11378.0,8394.0,10301.0,81125.0,126.4,127.0,128.6,21.31,12.86,9.55,2.67,1.316,1.002,4.99,-0.05,-0.906,0.598,0.0,2.67,1.597,1.166,5.003,1.0,-0.824,0.859,-0.997,59.99,4.542,0.085,4.554
912201,PM130EH,Thu Jun 27 07:31:42 CDT 2013,11032.001,7376.0,9136.0,75692.0,1304.9999,194.0,4494.0,24760.0,11379.0,8394.0,10301.0,81125.0,127.0,128.5,128.9,21.32,6.92,9.69,2.685,0.678,1.02,4.379,-0.017,-0.472,0.612,0.109,2.685,0.826,1.189,4.381,1.0,-0.82,0.858,1.0,60.02,4.542,0.085,4.554
912201,PM130EH,Thu Jun 27 07:36:42 CDT 2013,11032.001,7376.0,9136.0,75692.0,1304.9999,194.0,4494.0,24760.0,11379.0,8394.0,10301.0,81125.0,127.5,127.9,129.4,21.7,19.09,9.65,2.74,2.056,1.007,5.805,-0.04,-0.85,0.627,0.0,2.74,2.225,1.187,5.811,1.0,-0.924,0.849,-0.999,60.08,4.967,0.043,4.972
912201,PM130EH,Thu Jun 27 07:41:42 CDT 2013,11033.0,7376.0,9136.0,75693.0,1304.9999,194.0,4494.0,24760.0,11379.0,8395.0,10301.0,81126.0,127.7,127.5,128.8,15.71,13.97,10.03,1.917,1.441,1.065,4.432,-0.425,-0.977,0.618,0.0,1.964,1.741,1.231,4.5,-0.976,-0.827,0.865,-0.985,60.04,4.967,0.043,4.972
912201,PM130EH,Thu Jun 27 07:46:45 CDT 2013,11033.0,7376.0,9136.0,75693.0,1304.9999,194.0,4494.0,24760.0,11379.0,8395.0,10301.0,81126.0,127.0,128.4,128.8,21.58,8.11,11.04,2.715,0.747,1.199,4.659,-0.037,-0.631,0.589,0.0,2.715,0.978,1.336,4.659,1.0,-0.764,0.898,1.0,60.0,4.967,0.043,4.972
912201,PM130EH,Thu Jun 27 07:51:45 CDT 2013,11034.0,7376.0,9136.0,75694.0,1304.9999,194.0,4494.0,24760.0,11380.0,8395.0,10301.0,81127.0,126.7,127.1,128.8,22.53,19.13,10.07,2.831,2.067,1.074,5.974,-0.067,-1.011,0.613,0.0,2.832,2.301,1.237,5.992,1.0,-0.898,0.869,-0.997,60.04,5.398,0.014,5.427
912201,PM130EH,Thu Jun 27 07:56:45 CDT 2013,11034.0,7376.0,9136.0,75694.0,1304.9999,194.0,4495.0,24760.0,11380.0,8395.0,10301.0,81127.0,127.1,127.2,128.4,17.14,14.07,11.14,2.107,1.451,1.155,4.746,-0.414,-0.989,0.731,0.0,2.147,1.756,1.367,4.794,-0.981,-0.826,0.845,-0.99,60.02,5.398,0.014,5.427
912201,PM130EH,Thu Jun 27 08:01:42 CDT 2013,11035.0,7376.0,9136.0,75694.0,1304.9999,194.0,4495.0,24760.0,11380.0,8396.0,10301.0,81128.0,127.6,127.4,129.2,15.86,14.0,10.56,1.978,1.476,1.102,4.531,0.263,-0.938,0.631,0.0,1.996,1.748,1.27,4.531,0.991,-0.844,0.868,1.0,60.01,5.398,0.014,5.427
912201,PM130EH,Thu Jun 27 08:06:45 CDT 2013,11035.0,7376.0,9136.0,75695.0,1304.9999,194.0,4495.0,24760.0,11380.0,8396.0,10301.0,81128.0,126.6,128.4,128.7,23.14,7.55,10.76,2.909,0.731,1.075,4.721,-0.036,-0.534,0.763,0.194,2.91,0.905,1.318,4.725,1.0,-0.807,0.816,0.999,59.97,5.163,0.059,5.191
912201,PM130EH,Thu Jun 27 08:11:42 CDT 2013,11035.0,7376.0,9136.0,75695.0,1304.9999,194.0,4495.0,24760.0,11380.0,8397.0,10301.0,81128.0,128.2,128.0,128.1,8.92,7.87,12.94,1.076,0.725,1.357,3.166,-0.064,-0.606,0.672,0.001,1.078,0.945,1.514,3.166,-0.998,-0.768,0.896,1.0,59.99,5.163,0.059,5.191
912201,PM130EH,Thu Jun 27 08:16:45 CDT 2013,11035.0,7377.0,9136.0,75696.0,1304.9999,194.0,4495.0,24760.0,11380.0,8397.0,10301.0,81129.0,128.4,126.2,128.7,10.98,20.26,9.98,1.339,2.422,1.056,5.553,-0.155,-0.746,0.621,0.0,1.348,2.534,1.225,5.578,-0.993,-0.956,0.862,-0.996,59.96,5.163,0.059,5.191
912201,PM130EH,Thu Jun 27 08:21:45 CDT 2013,11035.0,7377.0,9136.0,75696.0,1304.9999,194.0,4495.0,24760.0,11380.0,8397.0,10301.0,81129.0,128.6,127.3,129.3,16.28,17.87,10.13,2.024,2.187,1.077,5.291,-0.36,-0.529,0.634,0.0,2.056,2.25,1.25,5.297,-0.985,-0.972,0.862,-0.999,59.98,4.359,0.032,4.374
912201,PM130EH,Thu Jun 27 08:26:42 CDT 2013,11036.0,7377.0,9136.0,75696.0,1304.9999,194.0,4495.0,24760.0,11381.0,8397.0,10301.0,81129.0,127.2,128.4,128.8,23.35,11.61,9.92,2.859,1.445,1.05,5.88,-0.708,-0.133,0.613,0.0,2.945,1.451,1.216,5.887,-0.971,-0.996,0.864,-0.999,60.01,4.359,0.032,4.374
912201,PM130EH,Thu Jun 27 08:31:42 CDT 2013,11036.0,7377.0,9136.0,75697.0,1304.9999,194.0,4495.0,24760.0,11381.0,8397.0,10301.0,81130.0,128.8,127.1,129.1,15.0,17.96,10.06,1.86,2.205,1.069,5.163,-0.335,-0.482,0.628,0.0,1.89,2.257,1.24,5.166,-0.984,-0.977,0.862,-0.999,60.03,4.359,0.032,4.374
912201,PM130EH,Thu Jun 27 08:36:45 CDT 2013,11036.0,7377.0,9136.0,75697.0,1304.9999,194.0,4495.0,24760.0,11382.0,8397.0,10301.0,81130.0,128.6,126.7,128.6,14.04,17.93,16.51,1.729,2.185,1.86,5.766,0.37,-0.532,0.514,0.351,1.768,2.249,1.93,5.776,0.978,-0.972,0.964,0.998,59.99,4.913,0.115,4.918
912201,PM130EH,Thu Jun 27 08:41:45 CDT 2013,11036.0,7377.0,9137.0,75698.01,1304.9999,194.0,4495.0,24760.0,11382.0,8397.0,10301.0,81131.0,125.8,128.0,128.6,29.88,11.79,10.3,3.726,1.466,1.128,6.319,-0.361,-0.127,0.581,0.096,3.744,1.471,1.269,6.32,-0.995,-0.996,0.889,1.0,59.99,4.913,0.115,4.918
912201,PM130EH,Thu Jun 27 08:46:45 CDT 2013,11036.0,7377.0,9137.0,75698.01,1304.9999,194.0,4495.0,24760.0,11382.0,8398.0,10301.0,81131.0,127.2,127.7,128.6,23.29,12.53,11.73,2.938,1.557,1.252,5.75,-0.098,-0.147,0.723,0.472,2.94,1.564,1.445,5.77,-0.999,-0.996,0.866,0.997,59.98,4.913,0.115,4.918
912201,PM130EH,Thu Jun 27 08:51:45 CDT 2013,11037.0,7377.0,9137.0,75699.0,1304.9999,194.0,4495.0,24760.0,11382.0,8398.0,10301.0,81132.0,127.7,126.3,128.4,14.29,18.07,11.77,1.767,2.199,1.263,5.243,0.261,-0.511,0.708,0.466,1.786,2.257,1.448,5.264,0.989,-0.974,0.872,0.996,59.98,5.839,0.377,5.861
912201,PM130EH,Thu Jun 27 08:56:46 CDT 2013,11037.0,7377.0,9137.0,75699.0,1304.9999,194.0,4495.0,24760.0,11382.0,8398.0,10302.0,81132.0,128.3,128.0,128.6,18.03,14.7,16.08,2.246,1.669,1.786,5.759,-0.317,-0.787,0.69,0.0,2.268,1.846,1.915,5.768,-0.99,-0.905,0.933,-0.998,60.03,5.839,0.377,5.861
912201,PM130EH,Thu Jun 27 09:01:42 CDT 2013,11038.0,7377.0,9137.0,75699.0,1304.9999,194.0,4495.0,24760.0,11382.0,8398.0,10302.0,81133.0,128.2,128.6,128.7,17.36,8.12,12.17,2.141,0.905,1.359,4.407,-0.439,-0.379,0.609,0.0,2.186,0.981,1.489,4.412,-0.98,-0.922,0.913,-0.999,60.04,5.839,0.377,5.861
912201,PM130EH,Thu Jun 27 09:06:42 CDT 2013,11038.0,7377.0,9137.0,75700.0,1304.9999,194.0,4495.0,24760.0,11382.0,8398.0,10302.0,81133.0,128.6,127.5,128.9,9.77,13.77,11.65,1.179,1.518,1.267,3.355,-0.123,-0.808,0.648,0.032,1.185,1.719,1.423,3.355,-0.995,-0.883,0.89,1.0,60.01,4.753,0.14,4.772
912201,PM130EH,Thu Jun 27 09:11:42 CDT 2013,11038.0,7377.0,9137.0,75700.0,1304.9999,194.0,4495.0,24760.0,11383.0,8398.0,10302.0,81133.0,127.6,127.7,128.9,21.38,13.77,11.83,2.616,1.529,1.282,5.43,-0.662,-0.793,0.644,0.0,2.698,1.723,1.435,5.491,-0.969,-0.888,0.894,-0.989,59.99,4.753,0.14,4.772
912201,PM130EH,Thu Jun 27 09:16:42 CDT 2013,11039.0,7377.0,9137.0,75701.0,1304.9999,194.0,4495.0,24760.0,11383.0,8398.0,10302.0,81134.0,127.8,128.8,128.0,21.4,7.4,16.93,2.63,0.797,2.052,5.47,-0.629,-0.387,0.471,0.0,2.704,0.886,2.105,5.498,-0.973,-0.9,0.975,-0.995,59.98,4.753,0.14,4.772
912201,PM130EH,Thu Jun 27 09:21:46 CDT 2013,11039.0,7377.0,9137.0,75701.0,1304.9999,194.0,4496.0,24760.0,11383.0,8398.0,10303.0,81134.0,128.5,128.3,128.3,9.1,7.35,12.34,1.079,0.779,1.31,3.162,-0.151,-0.405,0.764,0.208,1.089,0.878,1.517,3.169,-0.99,-0.887,0.864,0.998,59.94,4.901,0.018,4.933
912201,PM130EH,Thu Jun 27 09:26:42 CDT 2013,11040.0,7377.0,9137.0,75701.0,1304.9999,194.0,4496.0,24760.0,11383.0,8398.0,10303.0,81135.0,127.1,127.3,129.0,23.41,14.2,12.29,2.952,1.625,1.345,5.904,-0.051,-0.709,0.636,0.0,2.953,1.773,1.488,5.906,1.0,-0.917,0.904,1.0,59.95,4.901,0.018,4.933
912201,PM130EH,Thu Jun 27 09:31:46 CDT 2013,11040.0,7377.0,9137.0,75702.0,1304.9999,194.0,4496.0,24760.0,11383.0,8398.0,10304.0,81135.0,127.5,128.2,129.5,23.63,14.01,12.4,2.988,1.616,1.311,5.951,-0.072,-0.704,0.805,0.041,2.989,1.762,1.539,5.951,1.0,-0.917,0.852,1.0,60.03,4.901,0.018,4.933
912201,PM130EH,Thu Jun 27 09:36:45 CDT 2013,11040.0,7377.0,9137.0,75702.0,1304.9999,194.0,4496.0,24760.0,11383.0,8398.0,10304.0,81135.0,127.9,128.5,129.1,16.34,7.26,11.59,2.04,0.795,1.233,4.032,0.24,-0.351,0.732,0.548,2.054,0.869,1.434,4.069,0.993,-0.915,0.86,0.991,59.98,4.816,0.283,4.832
912201,PM130EH,Thu Jun 27 09:41:45 CDT 2013,11040.0,7378.0,9137.0,75703.0,1304.9999,194.0,4496.0,24760.0,11383.0,8398.0,10304.0,81136.0,127.3,129.0,129.0,23.61,6.53,12.47,2.981,0.688,1.345,5.017,-0.076,-0.347,0.775,0.351,2.982,0.77,1.552,5.03,1.0,-0.893,0.866,0.998,59.97,4.816,0.283,4.832
912201,PM130EH,Thu Jun 27 09:46:45 CDT 2013,11040.0,7378.0,9137.0,75703.0,1304.9999,194.0,4496.0,24760.0,11383.0,8398.0,10305.0,81136.0,128.7,127.6,127.9,10.09,13.55,19.63,1.231,1.502,2.269,4.988,-0.127,-0.783,0.437,0.0,1.238,1.694,2.311,5.01,-0.995,-0.887,0.982,-0.996,60.0,4.816,0.283,4.832
912201,PM130EH,Thu Jun 27 09:51:45 CDT 2013,11041.0,7378.0,9137.0,75703.0,1304.9999,194.0,4496.0,24760.0,11383.0,8398.0,10305.0,81137.0,127.6,128.8,128.5,21.86,7.18,11.94,2.683,0.771,1.353,4.806,-0.642,-0.381,0.592,0.0,2.758,0.86,1.477,4.825,-0.973,-0.896,0.916,-0.996,60.05,4.82,0.176,4.833
912201,PM130EH,Thu Jun 27 09:56:45 CDT 2013,11041.0,7378.0,9137.0,75704.0,1304.9999,194.0,4496.0,24760.0,11383.0,8398.0,10306.0,81137.0,128.2,128.4,128.3,14.19,8.11,11.9,1.739,0.909,1.348,3.994,-0.341,-0.375,0.589,0.0,1.772,0.984,1.471,3.996,-0.981,-0.925,0.916,-0.999,59.99,4.82,0.176,4.833
912201,PM130EH,Thu Jun 27 10:01:42 CDT 2013,11041.0,7378.0,9137.0,75704.0,1304.9999,194.0,4496.0,24760.0,11383.0,8398.0,10306.0,81137.0,128.4,127.7,128.8,14.32,14.0,12.04,1.755,1.591,1.366,4.714,-0.338,-0.737,0.611,0.0,1.787,1.754,1.496,4.737,-0.982,-0.908,0.913,-0.995,60.02,4.82,0.176,4.833
912201,PM130EH,Thu Jun 27 10:06:42 CDT 2013,11041.0,7379.0,9137.0,75705.0,1304.9999,194.0,4496.0,24760.0,11384.001,8398.0,10306.0,81138.0,128.1,128.7,129.4,22.4,12.15,12.15,2.776,1.352,1.379,5.44,-0.558,-0.709,0.634,0.0,2.831,1.526,1.518,5.488,-0.98,-0.885,0.908,-0.991,60.05,5.148,0.005,5.181
912201,PM130EH,Thu Jun 27 10:11:42 CDT 2013,11041.0,7379.0,9137.0,75705.0,1304.9999,194.0,4496.0,24760.0,11384.001,8398.0,10306.0,81138.0,128.0,129.4,129.3,20.08,5.9,12.03,2.541,0.614,1.37,4.53,0.078,-0.303,0.606,0.388,2.543,0.685,1.498,4.547,1.0,-0.897,0.915,0.996,60.01,5.148,0.005,5.181
912201,PM130EH,Thu Jun 27 10:16:45 CDT 2013,11041.0,7379.0,9138.0,75706.0,1304.9999,194.0,4496.0,24760.0,11384.001,8399.0,10306.0,81139.0,128.0,128.3,127.9,27.67,15.74,23.77,3.517,1.841,2.982,8.324,-0.187,-0.373,0.483,0.0,3.522,1.878,3.021,8.324,-0.999,-0.98,0.987,1.0,59.99,5.148,0.005,5.181
912201,PM130EH,Thu Jun 27 10:21:45 CDT 2013,11042.0,7379.0,9138.0,75707.0,1304.9999,194.0,4496.0,24760.0,11384.001,8399.0,10306.0,81140.0,126.4,127.3,129.3,33.7,21.91,13.34,4.222,2.598,1.494,8.3,-0.411,-0.678,0.643,0.0,4.242,2.685,1.627,8.312,-0.995,-0.968,0.919,-0.999,59.92,6.444,0.163,6.465
912201,PM130EH,Thu Jun 27 10:26:42 CDT 2013,11042.0,7379.0,9138.0,75707.0,1304.9999,194.0,4496.0,24760.0,11385.0,8399.0,10306.0,81140.0,128.5,128.5,127.5,19.24,10.53,24.92,2.436,1.305,3.093,6.755,0.106,-0.145,0.523,0.484,2.438,1.313,3.137,6.773,0.999,-0.994,0.986,0.997,60.05,6.444,0.163,6.465
912201,PM130EH,Thu Jun 27 10:31:42 CDT 2013,11043.0,7379.0,9138.0,75708.0,1304.9999,194.0,4496.0,24760.0,11386.0,8399.0,10306.0,81141.0,128.6,128.5,127.3,20.71,10.58,24.23,2.56,1.277,2.953,6.791,-0.593,-0.29,0.383,0.0,2.628,1.31,2.978,6.809,-0.974,-0.975,0.992,-0.997,60.03,6.444,0.163,6.465
912201,PM130EH,Thu Jun 27 10:36:45 CDT 2013,11043.0,7379.0,9138.0,75708.0,1304.9999,194.0,4496.0,24760.0,11386.0,8399.0,10306.0,81141.0,129.1,127.2,128.6,8.9,15.69,12.98,1.05,1.863,1.422,4.401,-0.151,-0.626,0.746,0.0,1.061,1.965,1.606,4.401,-0.99,-0.948,0.886,1.0,60.04,7.557,0.107,7.571
912201,PM130EH,Thu Jun 27 10:41:42 CDT 2013,11044.0,7379.0,9138.0,75709.0,1304.9999,194.0,4496.0,24760.0,11386.0,8399.0,10307.0,81142.0,129.8,127.4,127.2,8.94,16.46,25.94,1.066,1.874,3.172,6.144,-0.109,-0.542,0.405,0.0,1.071,1.951,3.197,6.149,-0.995,-0.961,0.992,-0.999,60.04,7.557,0.107,7.571
912201,PM130EH,Thu Jun 27 10:46:45 CDT 2013,11044.0,7379.9995,9138.0,75709.0,1304.9999,194.0,4496.0,24760.0,11386.0,8399.0,10307.0,81143.0,129.2,127.6,127.0,16.54,16.61,27.57,2.046,1.898,3.349,7.266,-0.421,-0.543,0.528,0.0,2.089,1.974,3.39,7.279,-0.98,-0.961,0.988,-0.998,60.04,7.557,0.107,7.571
912201,PM130EH,Thu Jun 27 10:51:45 CDT 2013,11044.0,7379.9995,9138.0,75710.0,1304.9999,194.0,4497.0,24760.0,11386.0,8399.0,10308.0,81143.0,130.1,127.0,128.0,9.85,23.64,25.13,1.205,2.727,3.143,7.075,-0.083,-0.908,0.583,0.0,1.208,2.874,3.197,7.087,-0.998,-0.949,0.983,-0.998,59.97,6.639,0.027,6.655
912201,PM130EH,Thu Jun 27 10:56:45 CDT 2013,11044.0,7379.9995,9139.0,75710.0,1304.9999,194.0,4497.0,24760.0,11386.0,8399.0,10308.0,81144.0,129.2,128.2,128.3,17.15,14.67,21.21,2.142,1.773,2.443,6.358,-0.401,-0.536,0.571,0.0,2.179,1.852,2.509,6.368,-0.983,-0.957,0.974,-0.998,59.98,6.639,0.027,6.655
912201,PM130EH,Thu Jun 27 11:01:42 CDT 2013,11044.0,7379.9995,9139.0,75711.0,1304.9999,194.0,4497.0,24760.0,11386.0,8400.0,10308.0,81144.0,128.7,128.9,128.4,16.13,7.7,19.47,2.022,0.925,2.252,5.193,0.285,-0.17,0.453,0.567,2.042,0.94,2.297,5.224,0.99,-0.984,0.98,0.994,59.96,6.639,0.027,6.655
912201,PM130EH,Thu Jun 27 11:06:42 CDT 2013,11045.0,7379.9995,9139.0,75712.01,1304.9999,194.0,4497.0,24760.0,11387.0,8400.0,10308.0,81145.01,127.4,127.7,126.9,35.22,23.23,39.25,4.446,2.918,4.884,11.157,0.453,-0.44,0.867,0.823,4.469,2.951,4.961,11.188,0.995,-0.989,0.985,0.997,59.97,6.372,0.156,6.379
912201,PM130EH,Thu Jun 27 11:11:45 CDT 2013,11045.0,7379.9995,9139.0,75712.01,1304.9999,194.0,4497.0,24760.0,11387.0,8400.0,10308.0,81145.01,128.0,128.1,128.6,23.66,13.1,17.09,3.002,1.551,2.101,6.641,-0.089,-0.552,0.504,0.0,3.003,1.646,2.16,6.642,1.0,-0.942,0.972,1.0,60.0,6.372,0.156,6.379
912201,PM130EH,Thu Jun 27 11:16:42 CDT 2013,11045.0,7379.9995,9140.0,75712.01,1304.9999,194.0,4497.0,24760.0,11387.0,8400.0,10308.0,81146.0,128.0,128.9,128.6,14.87,5.18,13.51,1.855,0.476,1.511,3.836,0.21,-0.329,0.725,0.61,1.867,0.579,1.676,3.884,0.994,-0.823,0.902,0.988,60.01,6.372,0.156,6.379
912201,PM130EH,Thu Jun 27 11:21:46 CDT 2013,11045.0,7379.9995,9140.0,75713.0,1304.9999,194.0,4497.0,24760.0,11388.0,8400.0,10308.0,81146.0,129.1,128.8,128.5,8.75,6.05,13.3,1.038,0.617,1.48,3.278,-0.149,-0.338,0.732,0.22,1.048,0.704,1.651,3.285,-0.99,-0.877,0.896,0.998,60.01,5.277,0.345,5.296
912201,PM130EH,Thu Jun 27 11:26:45 CDT 2013,11045.0,7379.9995,9140.0,75713.0,1304.9999,194.0,4497.0,24760.0,11388.0,8400.0,10308.0,81147.0,129.0,127.6,129.1,17.55,17.53,12.37,2.162,2.176,1.409,5.747,-0.516,-0.4,0.622,0.0,2.223,2.213,1.54,5.755,-0.973,-0.984,0.915,-0.999,60.01,5.277,0.345,5.296
912201,PM130EH,Thu Jun 27 11:31:42 CDT 2013,11045.0,7381.0,9140.0,75714.0,1304.9999,194.0,4497.0,24760.0,11388.0,8401.0,10308.0,81147.0,129.7,128.7,127.9,9.54,8.49,19.43,1.137,1.029,2.376,4.543,-0.167,-0.178,0.59,0.246,1.149,1.044,2.448,4.549,-0.989,-0.985,0.971,0.999,60.01,5.277,0.345,5.296
912201,PM130EH,Thu Jun 27 11:36:42 CDT 2013,11045.0,7381.0,9140.0,75714.0,1304.9999,194.0,4497.0,24760.0,11388.0,8401.0,10308.0,81147.0,129.7,128.8,128.0,9.63,7.78,18.91,1.148,0.938,2.331,4.369,-0.173,-0.149,0.509,0.139,1.161,0.95,2.386,4.372,-0.989,-0.988,0.977,0.999,59.97,5.56,0.057,5.574
912201,PM130EH,Thu Jun 27 11:41:45 CDT 2013,11045.0,7381.0,9141.0,75715.0,1304.9999,194.0,4497.0,24760.0,11388.0,8401.0,10309.0,81148.0,129.6,128.2,128.7,10.43,13.18,17.72,1.274,1.565,2.011,4.778,-0.153,-0.553,0.581,0.0,1.283,1.659,2.094,4.779,-0.993,-0.943,0.961,1.0,59.98,5.56,0.057,5.574
912201,PM130EH,Thu Jun 27 11:46:45 CDT 2013,11045.0,7381.0,9141.0,75715.0,1304.9999,194.0,4497.0,24760.0,11388.0,8401.0,10309.0,81148.0,129.8,128.1,127.6,9.86,13.5,23.04,1.199,1.591,2.891,5.677,-0.115,-0.578,0.382,0.0,1.205,1.693,2.916,5.686,-0.995,-0.94,0.991,-0.998,59.94,5.56,0.057,5.574
912201,PM130EH,Thu Jun 27 11:51:45 CDT 2013,11045.0,7381.0,9142.0,75715.0,1304.9999,194.0,4497.0,24760.0,11389.0,8401.0,10309.0,81149.0,128.8,128.7,128.2,16.32,8.58,18.67,2.043,1.04,2.318,5.403,0.27,-0.154,0.45,0.561,2.061,1.051,2.361,5.432,0.991,-0.989,0.982,0.995,60.0,4.918,0.169,4.927
912201,PM130EH,Thu Jun 27 11:56:42 CDT 2013,11045.0,7381.0,9142.0,75716.0,1304.9999,194.0,4497.0,24760.0,11389.0,8401.0,10309.0,81149.0,129.1,128.2,128.7,16.2,13.98,18.64,2.036,1.658,2.316,6.015,0.265,-0.585,0.474,0.15,2.053,1.759,2.364,6.017,0.992,-0.943,0.98,1.0,60.03,4.918,0.169,4.927
912201,PM130EH,Thu Jun 27 12:01:42 CDT 2013,11046.0,7381.0,9142.0,75716.0,1304.9999,194.0,4497.0,24760.0,11389.0,8401.0,10310.0,81150.0,128.1,128.3,130.1,22.14,14.27,11.8,2.778,1.664,1.322,5.767,0.45,-0.68,0.649,0.416,2.814,1.797,1.472,5.782,0.987,-0.926,0.898,0.997,59.99,4.918,0.169,4.927
912201,PM130EH,Thu Jun 27 12:06:42 CDT 2013,11046.0,7381.0,9142.0,75717.0,1304.9999,194.0,4497.0,24760.0,11389.0,8401.0,10310.0,81150.0,128.4,129.0,128.6,18.92,7.63,17.12,2.392,0.904,2.086,5.358,0.184,-0.19,0.463,0.471,2.399,0.924,2.137,5.379,0.997,-0.979,0.976,0.996,60.0,5.576,0.484,5.604
912201,PM130EH,Thu Jun 27 12:11:42 CDT 2013,11046.0,7381.0,9142.0,75717.0,1304.9999,194.0,4497.0,24760.0,11389.0,8402.0,10310.0,81151.0,130.2,128.1,127.7,8.9,13.98,25.31,1.063,1.641,3.035,5.752,-0.127,-0.618,0.332,0.0,1.071,1.754,3.053,5.766,-0.993,-0.936,0.994,-0.998,60.02,5.576,0.484,5.604
912201,PM130EH,Thu Jun 27 12:16:45 CDT 2013,11047.0,7381.0,9142.0,75718.0,1304.9999,194.0,4497.0,24760.0,11389.0,8402.0,10310.0,81151.0,129.9,128.2,128.3,8.86,14.13,19.42,1.054,1.645,2.323,5.096,-0.146,-0.65,0.714,0.0,1.064,1.769,2.43,5.096,-0.991,-0.93,0.956,1.0,59.94,5.576,0.484,5.604
912201,PM130EH,Thu Jun 27 12:21:45 CDT 2013,11047.0,7381.0,9142.0,75718.0,1304.9999,194.0,4498.0,24760.0,11389.0,8402.0,10310.0,81151.0,130.0,129.1,127.5,8.72,7.09,23.58,1.04,0.725,2.963,4.727,-0.115,-0.413,0.343,0.0,1.046,0.834,2.983,4.73,-0.994,-0.869,0.993,-0.999,60.0,4.986,0.223,4.998
912201,PM130EH,Thu Jun 27 12:26:45 CDT 2013,11047.999,7381.0,9142.0,75718.0,1304.9999,194.0,4498.0,24760.0,11389.0,8403.0,10310.0,81152.0,129.6,128.4,128.0,9.73,12.57,22.87,1.157,1.386,2.844,5.306,-0.2,-0.741,0.498,0.0,1.174,1.572,2.888,5.323,-0.985,-0.882,0.985,-0.997,60.04,4.986,0.223,4.998
912201,PM130EH,Thu Jun 27 12:31:43 CDT 2013,11047.999,7381.0,9142.0,75719.0,1304.9999,194.0,4498.0,24760.0,11389.0,8403.0,10310.0,81152.0,129.8,128.4,129.6,9.28,12.76,13.01,1.108,1.386,1.485,4.143,-0.196,-0.784,0.64,0.0,1.125,1.593,1.617,4.161,-0.985,-0.87,0.918,-0.996,59.99,4.986,0.223,4.998
912201,PM130EH,Thu Jun 27 12:36:45 CDT 2013,11047.999,7381.0,9142.0,75719.0,1304.9999,194.0,4498.0,24760.0,11389.0,8403.0,10311.0,81153.0,129.0,129.3,129.0,9.86,6.37,14.1,1.199,0.647,1.574,3.409,-0.127,-0.363,0.739,0.246,1.206,0.742,1.739,3.418,-0.994,-0.872,0.905,0.997,60.03,4.816,0.026,4.829
912201,PM130EH,Thu Jun 27 12:41:42 CDT 2013,11049.0,7381.0,9142.0,75720.0,1304.9999,194.0,4498.0,24760.0,11389.0,8403.0,10311.0,81153.0,128.6,128.5,128.5,16.07,11.98,21.77,2.012,1.301,2.626,5.938,0.266,-0.738,0.485,0.013,2.029,1.496,2.671,5.938,0.991,-0.87,0.983,1.0,59.97,4.816,0.026,4.829
912201,PM130EH,Thu Jun 27 12:46:42 CDT 2013,11049.0,7381.0,9142.0,75720.0,1304.9999,194.0,4498.0,24761.0,11390.0,8403.0,10311.0,81153.0,128.6,128.3,129.2,19.12,13.5,16.21,2.42,1.599,1.98,6.144,0.197,-0.562,0.529,0.313,2.428,1.695,2.049,6.152,0.997,-0.943,0.966,0.999,59.99,4.816,0.026,4.829
912201,PM130EH,Thu Jun 27 12:51:42 CDT 2013,11049.0,7381.0,9143.0,75721.0,1304.9999,194.0,4498.0,24761.0,11390.0,8403.0,10311.0,81154.0,128.6,128.7,129.3,16.05,8.77,11.67,2.012,1.06,1.291,4.363,0.234,-0.163,0.646,0.717,2.026,1.072,1.444,4.422,0.993,-0.988,0.894,0.987,59.98,5.174,0.262,5.192
912201,PM130EH,Thu Jun 27 12:56:42 CDT 2013,11049.0,7381.0,9143.0,75721.0,1304.9999,194.0,4498.0,24761.0,11390.0,8403.0,10311.0,81154.0,128.6,128.1,129.8,15.98,14.66,11.5,2.006,1.76,1.22,4.986,0.223,-0.55,0.764,0.437,2.018,1.844,1.44,5.006,0.994,-0.955,0.848,0.996,60.02,5.174,0.262,5.192
912201,PM130EH,Thu Jun 27 13:01:42 CDT 2013,11049.0,7382.0,9143.0,75721.0,1304.9999,194.0,4498.0,24761.0,11390.0,8403.0,10311.999,81155.0,129.3,128.2,129.6,11.66,13.57,10.49,1.427,1.605,1.11,4.151,-0.229,-0.56,0.671,0.0,1.446,1.7,1.297,4.152,-0.987,-0.944,0.856,1.0,60.01,5.174,0.262,5.192
912201,PM130EH,Thu Jun 27 13:06:45 CDT 2013,11049.0,7382.0,9143.0,75722.0,1304.9999,194.0,4498.0,24761.0,11390.0,8403.0,10311.999,81155.0,129.8,129.0,128.7,8.72,7.51,14.66,1.035,0.879,1.727,3.741,-0.127,-0.175,0.656,0.337,1.043,0.896,1.848,3.756,-0.993,-0.981,0.935,0.996,60.01,4.959,0.393,4.985
912201,PM130EH,Thu Jun 27 13:11:46 CDT 2013,11049.0,7382.0,9143.0,75722.0,1304.9999,194.0,4498.0,24761.0,11390.0,8403.0,10313.0,81155.0,130.0,128.2,128.9,8.83,13.55,16.93,1.049,1.59,2.1,4.756,-0.127,-0.585,0.473,0.0,1.056,1.694,2.152,4.762,-0.993,-0.939,0.976,-0.999,60.03,4.959,0.393,4.985
912201,PM130EH,Thu Jun 27 13:16:45 CDT 2013,11049.0,7382.0,9144.001,75722.0,1304.9999,194.0,4498.0,24761.0,11390.0,8403.0,10313.0,81156.0,129.7,128.6,128.8,8.64,10.93,14.96,1.024,1.284,1.785,4.442,-0.148,-0.408,0.625,0.0,1.034,1.347,1.891,4.443,-0.99,-0.953,0.944,1.0,60.02,4.959,0.393,4.985
912201,PM130EH,Thu Jun 27 13:21:45 CDT 2013,11049.0,7382.0,9144.001,75723.0,1304.9999,194.0,4498.0,24761.0,11390.0,8403.0,10313.0,81156.0,130.1,129.0,128.4,8.68,8.31,18.1,1.038,0.996,2.214,4.248,-0.122,-0.149,0.578,0.314,1.045,1.007,2.288,4.26,-0.993,-0.989,0.968,0.997,60.0,3.896,0.187,3.907
912201,PM130EH,Thu Jun 27 13:26:42 CDT 2013,11049.0,7382.0,9144.001,75723.0,1304.9999,194.0,4498.0,24761.0,11391.0,8403.0,10313.0,81156.0,128.9,128.7,129.3,18.66,14.74,15.07,2.321,1.786,1.851,5.967,-0.449,-0.523,0.496,0.0,2.364,1.86,1.916,5.986,-0.982,-0.96,0.966,-0.997,60.01,3.896,0.187,3.907
912201,PM130EH,Thu Jun 27 13:31:42 CDT 2013,11049.0,7382.0,9145.0,75724.0,1304.9999,194.0,4498.0,24761.0,11391.0,8403.0,10313.0,81157.0,129.5,129.2,128.8,10.35,6.55,14.91,1.253,0.678,1.826,3.752,-0.17,-0.36,0.486,0.0,1.265,0.768,1.89,3.753,-0.991,-0.884,0.966,1.0,59.97,3.896,0.187,3.907
912201,PM130EH,Thu Jun 27 13:36:42 CDT 2013,11049.0,7382.0,9145.0,75724.0,1304.9999,194.0,4498.0,24761.0,11391.0,8403.0,10314.0,81157.0,128.0,129.3,128.5,25.1,8.55,19.48,3.189,1.036,2.454,6.8,-0.106,-0.153,0.365,0.027,3.191,1.047,2.481,6.8,-0.999,-0.989,0.989,1.0,60.01,5.25,0.075,5.258
912201,PM130EH,Thu Jun 27 13:41:42 CDT 2013,11049.0,7382.0,9146.0,75725.0,1304.9999,194.0,4498.0,24761.0,11391.0,8403.0,10314.0,81158.0,129.1,128.4,128.5,16.27,13.92,21.69,2.042,1.667,2.668,6.357,0.261,-0.541,0.574,0.301,2.058,1.753,2.729,6.365,0.992,-0.951,0.978,0.999,59.97,5.25,0.075,5.258
912201,PM130EH,Thu Jun 27 13:46:45 CDT 2013,11049.0,7382.0,9146.0,75725.0,1304.9999,194.0,4498.0,24761.0,11391.0,8404.0,10314.0,81158.0,129.1,129.4,128.2,16.27,7.23,21.76,2.041,0.859,2.636,5.515,0.265,-0.138,0.708,0.839,2.058,0.87,2.729,5.579,0.992,-0.987,0.966,0.989,59.99,5.25,0.075,5.258
912201,PM130EH,Thu Jun 27 13:51:42 CDT 2013,11049.0,7382.0,9147.0,75725.99,1304.9999,194.0,4498.0,24761.0,11391.0,8404.0,10314.0,81158.99,130.4,129.4,127.0,9.96,7.4,28.36,1.216,0.875,3.533,5.624,-0.11,-0.157,0.397,0.13,1.221,0.889,3.555,5.625,-0.996,-0.984,0.994,1.0,59.98,6.377,0.381,6.396
912201,PM130EH,Thu Jun 27 13:56:42 CDT 2013,11049.0,7382.0,9147.0,75725.99,1304.9999,194.0,4499.0,24761.0,11391.0,8405.0,10314.0,81158.99,129.9,128.4,128.4,10.29,13.83,20.16,1.248,1.664,2.474,5.391,-0.17,-0.512,0.581,0.0,1.259,1.741,2.541,5.392,-0.991,-0.956,0.974,1.0,60.04,6.377,0.381,6.396
912201,PM130EH,Thu Jun 27 14:01:42 CDT 2013,11049.0,7382.0,9148.0,75727.0,1304.9999,194.0,4499.0,24761.0,11391.0,8405.0,10314.0,81160.0,129.9,129.3,128.1,10.25,9.15,20.93,1.243,1.118,2.543,4.913,-0.181,-0.161,0.695,0.361,1.256,1.129,2.636,4.926,-0.99,-0.99,0.965,0.997,60.01,6.377,0.381,6.396
912201,PM130EH,Thu Jun 27 14:06:46 CDT 2013,11049.0,7382.0,9148.0,75727.0,1304.9999,194.0,4499.0,24761.0,11391.0,8406.0,10314.0,81160.0,129.4,129.1,128.8,10.27,8.94,14.47,1.243,1.09,1.66,4.005,-0.182,-0.149,0.716,0.387,1.256,1.101,1.808,4.024,-0.989,-0.991,0.918,0.995,60.01,5.489,0.206,5.498
912201,PM130EH,Thu Jun 27 14:11:45 CDT 2013,11049.0,7382.0,9149.0,75727.0,1304.9999,194.0,4499.0,24761.0,11391.0,8406.0,10314.0,81161.0,129.4,127.9,129.1,10.96,16.19,13.98,1.329,1.94,1.598,4.87,-0.214,-0.63,0.748,0.0,1.346,2.039,1.764,4.871,-0.987,-0.951,0.906,1.0,59.97,5.489,0.206,5.498
912201,PM130EH,Thu Jun 27 14:16:42 CDT 2013,11049.0,7382.0,9149.0,75728.0,1304.9999,194.0,4499.0,24761.0,11391.0,8406.0,10314.0,81161.0,129.4,128.8,128.8,10.64,9.76,13.9,1.287,1.18,1.59,4.057,-0.213,-0.24,0.729,0.281,1.305,1.204,1.749,4.066,-0.987,-0.98,0.909,0.998,60.0,5.489,0.206,5.498
912201,PM130EH,Thu Jun 27 14:21:42 CDT 2013,11049.0,7382.0,9149.0,75728.0,1304.9999,194.0,4499.0,24761.0,11392.0,8406.0,10314.0,81162.0,128.9,128.5,127.9,15.97,10.88,23.36,1.999,1.319,2.916,6.237,0.285,-0.27,0.534,0.547,2.02,1.346,2.964,6.261,0.99,-0.98,0.984,0.996,59.96,4.607,0.157,4.613
912201,PM130EH,Thu Jun 27 14:26:42 CDT 2013,11049.0,7383.0,9149.0,75729.0,1304.9999,194.0,4499.0,24761.0,11392.0,8406.0,10314.0,81162.0,128.5,128.3,129.4,16.15,14.67,14.07,2.025,1.656,1.611,5.292,0.224,-0.804,0.756,0.176,2.037,1.841,1.78,5.294,0.994,-0.899,0.905,0.999,59.99,4.607,0.157,4.613
912201,PM130EH,Thu Jun 27 14:31:42 CDT 2013,11049.0,7383.0,9149.0,75729.0,1304.9999,194.0,4499.0,24761.0,11393.0,8406.0,10314.0,81162.0,127.8,129.0,129.3,20.61,8.5,14.0,2.569,0.932,1.601,5.091,0.453,-0.435,0.749,0.773,2.609,1.029,1.768,5.149,0.985,-0.906,0.906,0.989,59.98,4.607,0.157,4.613
912201,PM130EH,Thu Jun 27 14:36:42 CDT 2013,11049.0,7384.0,9149.0,75730.0,1304.9999,194.0,4499.0,24761.0,11393.0,8406.0,10314.0,81163.0,129.1,127.5,129.4,14.48,18.42,14.05,1.799,2.269,1.609,5.662,0.287,-0.484,0.758,0.576,1.822,2.32,1.778,5.691,0.987,-0.978,0.905,0.995,60.01,5.769,0.334,5.786
912201,PM130EH,Thu Jun 27 14:41:45 CDT 2013,11049.0,7384.0,9149.0,75730.0,1304.9999,194.0,4499.0,24761.0,11393.0,8407.0,10314.0,81163.0,130.0,127.3,129.0,8.11,19.03,13.8,0.961,2.334,1.573,4.87,-0.093,-0.529,0.734,0.102,0.965,2.393,1.736,4.871,-0.995,-0.975,0.906,1.0,60.06,5.769,0.334,5.786
912201,PM130EH,Thu Jun 27 14:46:42 CDT 2013,11050.0,7384.0,9149.0,75731.0,1304.9999,194.0,4499.0,24761.0,11393.0,8407.0,10314.0,81164.0,129.4,127.6,129.3,15.44,20.27,13.87,1.912,2.478,1.584,6.051,-0.403,-0.437,0.746,0.0,1.954,2.516,1.751,6.052,-0.979,-0.985,0.905,1.0,60.01,5.769,0.334,5.786
912201,PM130EH,Thu Jun 27 14:51:46 CDT 2013,11050.0,7384.0,9149.0,75731.0,1304.9999,194.0,4499.0,24761.0,11394.0,8407.0,10314.0,81164.0,129.4,126.7,129.5,15.68,25.8,13.9,1.938,3.118,1.586,6.612,-0.421,-0.774,0.752,0.0,1.983,3.213,1.755,6.626,-0.977,-0.971,0.903,-0.998,60.0,5.758,0.352,5.784
912201,PM130EH,Thu Jun 27 14:56:42 CDT 2013,11051.0,7384.0,9149.0,75732.0,1304.9999,194.0,4499.0,24761.0,11394.0,8407.0,10314.0,81165.0,129.0,129.2,129.0,17.82,10.62,16.33,2.21,1.304,1.807,5.474,-0.469,-0.209,1.011,0.246,2.259,1.32,2.07,5.479,-0.978,-0.987,0.873,0.999,60.06,5.758,0.352,5.784
912201,PM130EH,Thu Jun 27 15:01:45 CDT 2013,11051.0,7384.0,9149.0,75732.0,1304.9999,194.0,4499.0,24761.0,11394.0,8408.0,10314.0,81165.0,129.1,128.5,129.3,17.46,18.72,17.15,2.165,2.114,1.908,6.157,-0.452,-0.876,1.046,0.0,2.212,2.288,2.176,6.164,-0.979,-0.924,0.877,-0.999,60.05,5.758,0.352,5.784
912201,PM130EH,Thu Jun 27 15:06:45 CDT 2013,11051.0,7385.0,9149.0,75733.0,1304.9999,194.0,4499.9995,24761.0,11394.0,8408.0,10314.0,81166.0,129.7,128.6,128.9,9.82,13.83,17.61,1.19,1.491,1.987,4.668,-0.16,-0.89,1.014,0.0,1.201,1.737,2.231,4.668,-0.991,-0.859,0.891,1.0,59.96,5.869,0.065,5.875
912201,PM130EH,Thu Jun 27 15:11:45 CDT 2013,11051.0,7385.0,9149.0,75733.0,1304.9999,194.0,4499.9995,24761.0,11394.0,8408.0,10315.0,81166.0,129.2,129.4,128.8,11.25,8.32,16.94,1.376,0.859,1.876,4.11,0.032,-0.524,1.03,0.537,1.377,1.006,2.14,4.145,1.0,-0.853,0.877,0.992,59.93,5.869,0.065,5.875
912201,PM130EH,Thu Jun 27 15:16:42 CDT 2013,11052.0,7385.0,9149.0,75733.0,1304.9999,194.0,4499.9995,24761.0,11394.0,8408.0,10315.0,81167.0,128.7,128.2,129.1,16.33,20.22,17.28,2.045,2.268,1.98,6.293,0.261,-0.914,0.944,0.295,2.062,2.446,2.193,6.3,0.992,-0.928,0.903,0.999,60.01,5.869,0.065,5.875
912201,PM130EH,Thu Jun 27 15:21:42 CDT 2013,11052.0,7385.0,9149.0,75734.0,1304.9999,194.0,4499.9995,24761.0,11395.0,8408.0,10315.0,81167.0,127.7,128.5,129.3,24.24,15.53,17.4,3.069,1.736,1.991,6.791,-0.073,-0.906,0.957,0.0,3.07,1.958,2.21,6.791,1.0,-0.887,0.901,1.0,59.99,5.658,0.169,5.667
912201,PM130EH,Thu Jun 27 15:26:42 CDT 2013,11052.0,7385.0,9150.0,75735.0,1304.9999,194.0,4499.9995,24761.0,11395.0,8409.0,10315.0,81168.0,128.4,129.2,128.9,16.07,9.13,17.84,2.012,0.991,2.036,5.039,0.213,-0.513,0.955,0.658,2.023,1.116,2.249,5.082,0.994,-0.888,0.905,0.992,60.03,5.658,0.169,5.667
912201,PM130EH,Thu Jun 27 15:31:42 CDT 2013,11052.0,7385.0,9150.0,75735.0,1304.9999,194.0,4499.9995,24761.0,11395.0,8409.0,10315.0,81168.0,129.4,129.2,128.8,8.91,8.97,16.6,1.05,0.948,1.86,3.859,-0.171,-0.547,0.97,0.253,1.064,1.095,2.098,3.867,-0.987,-0.866,0.887,0.998,60.06,5.658,0.169,5.667
912201,PM130EH,Thu Jun 27 15:36:42 CDT 2013,11052.0,7385.0,9150.0,75735.0,1304.9999,194.0,4499.9995,24761.0,11395.0,8409.0,10315.0,81169.0,128.8,128.5,129.3,16.35,15.07,14.56,2.003,1.653,1.675,5.331,-0.48,-0.931,0.75,0.0,2.06,1.897,1.835,5.371,-0.972,-0.871,0.913,-0.993,60.04,5.348,0.292,5.364
912201,PM130EH,Thu Jun 27 15:41:45 CDT 2013,11053.0,7385.0,9150.0,75736.0,1304.9999,194.0,4499.9995,24761.0,11395.0,8409.0,10316.0,81169.0,129.4,129.0,129.0,8.75,9.28,14.56,1.034,0.993,1.663,3.686,-0.151,-0.55,0.759,0.054,1.045,1.135,1.828,3.686,-0.99,-0.875,0.91,1.0,59.98,5.348,0.292,5.364
912201,PM130EH,Thu Jun 27 15:46:45 CDT 2013,11053.0,7385.0,9150.0,75736.0,1304.9999,194.0,4499.9995,24761.0,11395.0,8409.0,10316.0,81169.0,129.6,129.3,128.2,8.72,8.61,17.54,1.023,0.891,2.012,3.945,-0.176,-0.554,0.881,0.159,1.038,1.049,2.197,3.948,-0.986,-0.849,0.916,0.999,60.04,5.348,0.292,5.364
912201,PM130EH,Thu Jun 27 15:51:42 CDT 2013,11053.0,7385.0,9151.0,75736.0,1304.9999,194.0,4499.9995,24761.0,11395.0,8409.0,10317.0,81170.0,129.4,128.7,129.2,16.34,14.91,16.47,2.014,1.654,1.901,5.561,-0.471,-0.894,0.896,0.0,2.068,1.88,2.102,5.58,-0.974,-0.88,0.905,-0.997,60.06,4.471,0.04,4.48
912201,PM130EH,Thu Jun 27 15:56:42 CDT 2013,11053.0,7385.0,9151.0,75737.0,1304.9999,194.0,4499.9995,24761.0,11395.0,8409.0,10317.0,81170.0,129.5,129.4,129.5,9.89,8.22,11.05,1.195,0.881,1.161,3.221,-0.158,-0.468,0.681,0.066,1.206,0.997,1.346,3.222,-0.991,-0.883,0.862,1.0,60.06,4.471,0.04,4.48
912201,PM130EH,Thu Jun 27 16:01:45 CDT 2013,11053.0,7385.0,9151.0,75737.0,1304.9999,194.0,4499.9995,24761.0,11395.0,8409.0,10317.0,81170.0,129.8,128.4,130.7,9.23,14.35,12.35,1.126,1.544,1.348,3.954,-0.094,-0.93,0.795,0.0,1.13,1.802,1.565,3.962,-0.997,-0.857,0.861,-0.998,60.08,4.471,0.04,4.48
912201,PM130EH,Thu Jun 27 16:06:42 CDT 2013,11053.0,7386.0,9151.0,75738.0,1304.9999,194.0,4499.9995,24761.0,11395.0,8409.0,10318.0,81171.0,128.3,128.7,130.5,19.59,14.38,10.28,2.482,1.554,1.076,5.105,0.111,-0.931,0.691,0.0,2.485,1.812,1.278,5.107,0.999,-0.858,0.841,1.0,60.04,4.202,0.056,4.212
912201,PM130EH,Thu Jun 27 16:11:42 CDT 2013,11053.0,7386.0,9151.0,75738.0,1304.9999,194.0,4499.9995,24761.0,11395.0,8409.0,10318.0,81171.0,127.2,129.5,129.9,26.69,7.93,10.14,3.369,0.805,1.072,5.253,-0.216,-0.516,0.656,0.0,3.375,0.956,1.257,5.253,-0.998,-0.842,0.853,1.0,59.99,4.202,0.056,4.212
912201,PM130EH,Thu Jun 27 16:16:45 CDT 2013,11053.0,7387.0,9151.0,75738.0,1304.9999,194.0,4501.0,24761.0,11396.0,8409.0,10318.0,81172.0,128.6,128.2,130.4,15.49,14.92,10.33,1.934,1.625,1.08,4.616,0.284,-0.937,0.693,0.05,1.954,1.876,1.283,4.616,0.989,-0.866,0.842,1.0,60.01,4.202,0.056,4.212
912201,PM130EH,Thu Jun 27 16:21:45 CDT 2013,11053.0,7387.0,9151.0,75739.0,1304.9999,194.0,4501.0,24761.0,11396.0,8409.0,10318.0,81172.0,128.0,129.6,130.4,23.12,8.45,10.31,2.928,0.882,1.087,4.897,-0.048,-0.537,0.684,0.077,2.928,1.033,1.284,4.898,1.0,-0.854,0.846,1.0,60.03,5.158,0.112,5.167
912201,PM130EH,Thu Jun 27 16:26:42 CDT 2013,11053.0,7387.0,9151.0,75739.0,1304.9999,194.0,4501.0,24761.0,11396.0,8409.0,10319.0,81172.0,129.2,129.6,129.9,16.07,8.99,10.14,1.976,0.982,1.067,4.022,-0.434,-0.508,0.665,0.0,2.023,1.105,1.257,4.032,-0.977,-0.888,0.849,-0.998,59.98,5.158,0.112,5.167
912201,PM130EH,Thu Jun 27 16:31:42 CDT 2013,11053.0,7388.0005,9151.0,75740.0,1304.9999,194.0,4501.0,24761.0,11396.0,8409.0,10319.0,81173.0,129.8,128.8,130.4,8.61,14.43,10.48,1.005,1.609,1.117,3.727,-0.114,-0.857,0.677,0.0,1.012,1.823,1.306,3.739,-0.994,-0.883,0.855,-0.997,60.04,5.158,0.112,5.167
912201,PM130EH,Thu Jun 27 16:36:45 CDT 2013,11053.0,7388.0005,9151.0,75740.0,1304.9999,194.0,4501.0,24761.0,11396.0,8409.0,10319.0,81173.0,129.5,129.2,130.1,9.74,9.27,10.7,1.175,0.998,1.163,3.336,-0.149,-0.549,0.654,0.0,1.184,1.139,1.334,3.336,-0.992,-0.876,0.872,1.0,60.06,4.251,0.047,4.268
912201,PM130EH,Thu Jun 27 16:41:45 CDT 2013,11053.0,7388.0005,9151.0,75740.0,1304.9999,194.0,4501.0,24761.0,11397.0,8409.0,10319.0,81173.0,129.1,129.8,129.7,16.68,7.73,10.65,2.064,0.824,1.162,4.05,-0.41,-0.444,0.634,0.0,2.104,0.936,1.324,4.056,-0.981,-0.88,0.878,-0.999,59.98,4.251,0.047,4.268
912201,PM130EH,Thu Jun 27 16:46:45 CDT 2013,11053.0,7389.0,9151.0,75741.0,1304.9999,194.0,4501.0,24761.0,11397.0,8409.0,10319.0,81174.0,129.9,129.1,130.3,12.44,12.89,10.99,1.563,1.518,1.172,4.233,0.031,-0.555,0.665,0.139,1.564,1.616,1.348,4.236,1.0,-0.939,0.87,0.999,60.04,4.251,0.047,4.268
912201,PM130EH,Thu Jun 27 16:51:42 CDT 2013,11053.0,7389.0,9151.0,75741.0,1304.9999,194.0,4501.0,24761.0,11397.0,8409.0,10319.0,81174.0,127.6,130.5,130.5,29.32,7.18,11.42,3.714,0.725,1.186,5.626,-0.217,-0.469,0.789,0.112,3.721,0.863,1.425,5.627,-0.998,-0.84,0.833,1.0,60.03,4.168,0.036,4.184
912201,PM130EH,Thu Jun 27 16:56:45 CDT 2013,11054.0,7389.0,9151.0,75742.0,1304.9999,194.0,4501.0,24761.0,11398.0,8409.0,10319.0,81175.0,126.3,130.0,130.2,35.3,7.57,10.65,4.426,0.826,1.166,6.517,-0.341,-0.405,0.637,0.0,4.439,0.92,1.328,6.519,-0.997,-0.898,0.878,1.0,60.04,4.168,0.036,4.184
912201,PM130EH,Thu Jun 27 17:01:42 CDT 2013,11054.0,7389.0,9151.0,75742.0,1304.9999,194.0,4501.0,24761.0,11398.0,8409.0,10320.0,81175.0,128.0,128.5,129.7,18.84,13.7,14.01,2.368,1.531,1.559,5.438,0.197,-0.794,0.675,0.106,2.376,1.725,1.699,5.439,0.997,-0.888,0.918,1.0,60.03,4.168,0.036,4.184
912201,PM130EH,Thu Jun 27 17:06:45 CDT 2013,11054.0,7390.0,9151.0,75742.0,1304.9999,194.0,4501.0,24761.0,11398.0,8409.0,10320.0,81176.0,127.4,129.6,129.7,26.54,6.89,11.76,3.353,0.701,1.277,5.297,-0.144,-0.434,0.729,0.16,3.356,0.824,1.47,5.299,-0.999,-0.85,0.869,1.0,60.03,6.002,0.144,6.013
912201,PM130EH,Thu Jun 27 17:11:45 CDT 2013,11054.0,7390.0,9151.0,75743.0,1304.9999,194.0,4501.0,24761.0,11398.0,8409.0,10321.0,81176.0,128.9,129.5,128.9,12.98,6.33,15.19,1.595,0.61,1.689,3.897,-0.252,-0.423,0.636,0.0,1.615,0.742,1.805,3.897,-0.988,-0.822,0.936,1.0,60.02,6.002,0.144,6.013
912201,PM130EH,Thu Jun 27 17:16:45 CDT 2013,11054.0,7390.0,9151.0,75743.0,1304.9999,194.0,4501.0,24761.0,11398.0,8409.0,10321.0,81176.0,128.6,128.9,129.8,16.53,12.19,10.18,2.045,1.301,1.068,4.406,-0.398,-0.809,0.654,0.0,2.083,1.531,1.253,4.442,-0.982,-0.849,0.853,-0.992,60.02,6.002,0.144,6.013
912201,PM130EH,Thu Jun 27 17:21:45 CDT 2013,11055.0,7390.0,9151.0,75744.0,1304.9999,194.0,4501.0,24761.0,11398.0,8409.0,10321.0,81177.0,129.2,129.7,129.4,13.21,5.89,10.69,1.621,0.56,1.159,2.731,-0.301,-0.394,0.632,0.123,1.649,0.684,1.321,2.734,-0.983,-0.818,0.878,0.999,60.0,4.515,0.053,4.524
912201,PM130EH,Thu Jun 27 17:26:45 CDT 2013,11055.0,7390.0,9151.0,75744.0,1304.9999,194.0,4501.0,24761.0,11398.0,8409.0,10322.0,81177.0,129.9,128.9,129.9,8.98,13.09,11.83,1.082,1.356,1.317,3.755,-0.112,-0.94,0.679,0.0,1.087,1.65,1.482,3.773,-0.995,-0.822,0.889,-0.995,60.0,4.515,0.053,4.524
912201,PM130EH,Thu Jun 27 17:31:46 CDT 2013,11055.0,7390.0,9151.0,75744.0,1304.9999,194.0,4501.0,24761.0,11398.0,8409.0,10322.0,81178.0,129.0,129.3,129.9,18.2,14.02,11.84,2.248,1.506,1.331,5.085,-0.499,-0.945,0.674,0.0,2.303,1.777,1.492,5.143,-0.976,-0.847,0.892,-0.989,60.04,4.515,0.053,4.524
912201,PM130EH,Thu Jun 27 17:36:42 CDT 2013,11055.0,7390.0,9152.0,75745.0,1304.9999,194.0,4501.0,24761.0,11398.0,8409.0,10322.0,81178.0,128.6,129.7,129.7,18.48,8.75,9.94,2.289,0.833,1.202,4.324,-0.495,-0.657,0.224,0.0,2.342,1.061,1.223,4.423,-0.977,-0.785,0.983,-0.978,60.04,4.452,0.021,4.488
912201,PM130EH,Thu Jun 27 17:41:42 CDT 2013,11055.0,7390.0,9152.0,75745.0,1304.9999,194.0,4502.0,24761.0,11398.0,8410.0,10322.0,81178.0,128.2,128.1,129.8,17.35,14.33,11.97,2.178,1.56,1.324,5.063,0.138,-0.9,0.702,0.0,2.183,1.801,1.499,5.063,0.998,-0.866,0.883,1.0,59.97,4.452,0.021,4.488
912201,PM130EH,Thu Jun 27 17:46:42 CDT 2013,11055.0,7390.0,9153.0,75746.0,1304.9999,194.0,4502.0,24761.0,11398.0,8410.0,10322.0,81179.0,126.7,129.7,129.4,26.56,6.43,11.77,3.334,0.552,1.318,5.203,-0.21,-0.513,0.664,0.0,3.34,0.754,1.476,5.203,-0.998,-0.732,0.893,1.0,60.03,4.452,0.021,4.488
912201,PM130EH,Thu Jun 27 17:51:45 CDT 2013,11055.0,7390.0,9153.0,75746.0,1304.9999,194.0,4502.0,24761.0,11398.0,8411.0,10322.0,81179.0,126.9,129.6,129.5,26.39,6.44,11.82,3.317,0.548,1.312,5.173,-0.212,-0.521,0.682,0.0,3.323,0.756,1.479,5.173,-0.998,-0.724,0.887,1.0,60.0,5.474,0.087,5.511
912201,PM130EH,Thu Jun 27 17:56:45 CDT 2013,11055.0,7390.0,9154.0,75746.0,1304.9999,194.0,4502.0,24761.0,11398.0,8411.0,10322.0,81180.0,127.8,128.7,130.0,19.04,12.9,11.94,2.395,1.311,1.322,5.022,0.098,-0.953,0.699,0.0,2.397,1.621,1.496,5.025,0.999,-0.809,0.884,1.0,60.05,5.474,0.087,5.511
912201,PM130EH,Thu Jun 27 18:01:42 CDT 2013,11055.0,7390.0,9154.0,75747.0,1304.9999,194.0,4502.0,24761.0,11398.0,8412.0,10322.0,81180.0,127.2,130.2,130.0,26.69,6.55,11.88,3.363,0.57,1.332,5.26,-0.211,-0.527,0.676,0.0,3.369,0.776,1.494,5.26,-0.998,-0.734,0.892,1.0,60.09,5.474,0.087,5.511
912201,PM130EH,Thu Jun 27 18:06:45 CDT 2013,11055.0,7390.0,9154.0,75747.0,1304.9999,194.0,4502.0,24761.0,11398.0,8412.0,10322.0,81181.0,128.2,130.0,129.4,20.7,6.57,11.8,2.546,0.628,1.328,4.49,-0.58,-0.463,0.651,0.0,2.611,0.78,1.479,4.508,-0.975,-0.805,0.898,-0.996,60.03,5.145,0.046,5.152
912201,PM130EH,Thu Jun 27 18:11:45 CDT 2013,11056.0,7390.0,9154.0,75748.0,1304.9999,194.0,4502.0,24761.0,11399.0,8412.0,10322.0,81181.0,128.2,128.6,129.8,16.61,13.33,13.53,2.077,1.431,1.487,4.995,0.171,-0.876,0.82,0.115,2.084,1.677,1.698,4.996,0.997,-0.853,0.876,1.0,60.08,5.145,0.046,5.152
912201,PM130EH,Thu Jun 27 18:16:42 CDT 2013,11056.0,7390.0,9154.0,75748.0,1304.9999,194.0,4502.0,24761.0,11399.0,8412.0,10322.0,81181.0,127.3,129.5,129.4,23.83,8.31,12.56,3.004,0.795,1.418,5.212,-0.127,-0.627,0.66,0.0,3.006,1.012,1.564,5.213,-0.999,-0.785,0.907,1.0,59.99,5.145,0.046,5.152
912201,PM130EH,Thu Jun 27 18:21:45 CDT 2013,11057.0,7390.0,9154.0,75749.0,1304.9999,194.0,4502.0,24761.0,11399.0,8412.0,10323.0,81182.0,128.4,129.6,129.1,17.58,7.55,12.93,2.158,0.694,1.379,4.22,-0.492,-0.586,0.806,0.0,2.214,0.908,1.597,4.228,-0.975,-0.764,0.863,-0.998,59.98,5.251,0.065,5.274
912201,PM130EH,Thu Jun 27 18:26:45 CDT 2013,11057.0,7390.0,9154.0,75749.0,1304.9999,194.0,4502.0,24761.0,11399.0,8412.0,10323.0,81182.0,128.3,128.6,129.9,16.94,13.81,12.0,2.118,1.433,1.323,4.89,0.179,-0.983,0.691,0.0,2.126,1.738,1.492,4.891,0.996,-0.824,0.886,1.0,60.01,5.251,0.065,5.274
912201,PM130EH,Thu Jun 27 18:31:45 CDT 2013,11057.0,7390.0,9155.0,75749.0,1304.9999,194.0,4502.0,24761.0,11399.999,8412.0,10323.0,81183.0,128.5,129.6,129.2,18.3,8.6,16.04,2.248,0.905,1.798,4.944,-0.497,-0.543,0.663,0.0,2.302,1.056,1.917,4.959,-0.976,-0.858,0.938,-0.997,59.99,5.251,0.065,5.274
912201,PM130EH,Thu Jun 27 18:36:42 CDT 2013,11057.0,7390.0,9155.0,75750.0,1304.9999,194.0,4502.0,24761.0,11399.999,8412.0,10323.0,81183.0,128.7,128.7,130.3,18.45,14.82,12.04,2.321,1.627,1.312,5.256,0.215,-0.925,0.719,0.003,2.331,1.872,1.496,5.256,0.996,-0.869,0.877,1.0,59.99,4.932,0.052,4.951
912201,PM130EH,Thu Jun 27 18:41:42 CDT 2013,11057.0,7390.0,9155.0,75750.0,1304.9999,194.0,4502.0,24761.0,11399.999,8412.0,10323.0,81184.0,127.9,129.1,130.3,25.68,14.39,12.02,3.249,1.543,1.32,6.103,-0.112,-0.97,0.71,0.0,3.251,1.822,1.499,6.113,-0.999,-0.847,0.881,-0.998,60.03,4.932,0.052,4.951
912201,PM130EH,Thu Jun 27 18:46:42 CDT 2013,11057.0,7391.0,9155.0,75751.0,1304.9999,194.0,4502.0,24761.0,11401.0,8412.0,10323.0,81184.0,129.2,129.4,129.8,19.47,12.05,11.78,2.422,1.515,1.296,5.245,-0.465,-0.143,0.684,0.082,2.467,1.521,1.465,5.246,-0.982,-0.996,0.884,1.0,60.06,4.932,0.052,4.951
912201,PM130EH,Thu Jun 27 18:51:42 CDT 2013,11057.0,7391.0,9155.0,75751.0,1304.9999,194.0,4502.0,24761.0,11401.0,8413.0,10323.0,81185.0,127.6,129.3,130.7,30.04,16.25,12.09,3.802,1.96,1.328,7.078,-0.254,-0.667,0.718,0.0,3.81,2.071,1.51,7.081,-0.998,-0.947,0.88,1.0,60.03,5.391,0.117,5.399
912201,PM130EH,Thu Jun 27 18:56:45 CDT 2013,11058.0,7391.0,9155.0,75752.0,1304.9999,194.0,4502.0,24761.0,11401.0,8413.0,10323.0,81185.0,127.3,128.6,129.2,44.02,25.58,30.63,5.579,3.206,3.748,6.036,0.253,-0.645,1.181,0.357,5.585,3.27,3.929,6.047,0.999,-0.98,0.954,0.998,60.01,5.391,0.117,5.399
912201,PM130EH,Thu Jun 27 19:01:45 CDT 2013,11058.0,7391.0,9155.0,75752.0,1304.9999,194.0,4503.0,24761.0,11401.0,8414.0,10323.0,81186.0,129.6,128.2,130.3,18.45,25.59,12.89,2.29,3.04,1.441,6.771,-0.469,-0.862,0.693,0.0,2.337,3.16,1.6,6.801,-0.98,-0.962,0.901,-0.996,60.05,5.391,0.117,5.399
912201,PM130EH,Thu Jun 27 19:06:42 CDT 2013,11058.0,7391.0,9156.0,75753.0,1304.9999,194.0,4503.0,24761.0,11401.0,8414.0,10323.0,81186.0,127.9,128.1,129.6,24.35,17.05,13.32,3.079,2.036,1.457,6.571,-0.106,-0.707,0.794,0.0,3.08,2.155,1.659,6.571,-0.999,-0.945,0.878,1.0,60.02,6.752,0.121,6.772
912201,PM130EH,Thu Jun 27 19:11:42 CDT 2013,11058.0,7391.0,9157.0,75753.0,1304.9999,194.0,4503.0,24761.0,11402.0,8414.0,10323.0,81187.0,128.3,129.2,129.0,18.25,7.51,13.36,2.241,0.746,1.491,4.478,-0.491,-0.501,0.637,0.0,2.294,0.899,1.622,4.492,-0.977,-0.83,0.92,-0.997,59.99,6.752,0.121,6.772
912201,PM130EH,Thu Jun 27 19:16:42 CDT 2013,11058.0,7391.0,9157.0,75754.0,1304.9999,194.0,4503.0,24761.0,11402.0,8414.0,10323.0,81187.0,126.2,130.2,129.6,36.3,7.31,12.91,4.538,0.752,1.412,6.702,-0.442,-0.463,0.775,0.0,4.559,0.883,1.611,6.703,-0.995,-0.852,0.877,1.0,59.98,6.752,0.121,6.772
912201,PM130EH,Thu Jun 27 19:21:42 CDT 2013,11058.0,7391.0,9157.0,75754.0,1304.9999,194.0,4503.0,24761.0,11402.0,8414.0,10324.0,81188.0,127.9,129.2,130.0,25.97,13.76,12.2,3.195,1.5,1.352,6.047,-0.78,-0.883,0.692,0.0,3.289,1.741,1.518,6.125,-0.971,-0.862,0.89,-0.987,60.01,5.728,0.082,5.739
912201,PM130EH,Thu Jun 27 19:26:45 CDT 2013,11059.0,7391.0,9157.0,75755.0,1304.9999,194.0,4503.0,24761.0,11402.0,8414.0,10324.0,81188.0,128.0,129.8,129.9,24.37,8.62,13.22,3.086,0.944,1.451,5.512,-0.107,-0.483,0.797,0.203,3.088,1.06,1.656,5.516,-0.999,-0.89,0.876,0.999,60.06,5.728,0.082,5.739
912201,PM130EH,Thu Jun 27 19:31:45 CDT 2013,11059.0,7391.0,9157.0,75755.0,1304.9999,194.0,4503.0,24761.0,11402.0,8414.0,10325.0,81189.0,128.2,128.8,129.4,18.1,9.36,12.02,2.27,1.043,1.338,4.637,0.181,-0.486,0.646,0.314,2.278,1.15,1.486,4.647,0.997,-0.907,0.9,0.998,60.04,5.728,0.082,5.739
912201,PM130EH,Thu Jun 27 19:36:45 CDT 2013,11059.0,7392.0,9157.0,75756.0,1304.9999,194.0,4503.0,24761.0,11402.0,8414.0,10325.0,81189.0,128.0,128.3,129.4,19.44,14.24,11.05,2.392,1.573,1.212,5.583,-0.501,-0.855,0.666,0.0,2.443,1.79,1.383,5.624,-0.979,-0.878,0.876,-0.993,60.0,5.85,0.035,5.875
912201,PM130EH,Thu Jun 27 19:41:45 CDT 2013,11059.0,7392.0,9157.0,75756.0,1304.9999,194.0,4503.0,24761.0,11403.0,8414.0,10325.0,81190.0,127.1,129.3,129.7,27.54,7.3,11.43,3.467,0.755,1.263,5.519,-0.087,-0.433,0.673,0.149,3.468,0.871,1.431,5.521,1.0,-0.868,0.883,1.0,60.03,5.85,0.035,5.875
912201,PM130EH,Thu Jun 27 19:46:42 CDT 2013,11060.0,7392.0,9157.0,75757.0,1304.9999,194.0,4503.0,24761.0,11403.0,8414.0,10325.0,81190.0,129.0,129.2,129.4,12.04,7.78,12.11,1.459,0.782,1.36,3.64,-0.189,-0.515,0.676,0.021,1.471,0.936,1.518,3.64,-0.992,-0.835,0.895,1.0,60.06,5.85,0.035,5.875
912201,PM130EH,Thu Jun 27 19:51:42 CDT 2013,11060.0,7392.0,9157.0,75757.0,1304.9999,194.0,4503.0,24761.0,11404.0,8414.0,10325.0,81190.0,129.3,128.1,129.6,12.05,14.6,12.11,1.464,1.611,1.356,4.431,-0.185,-0.877,0.677,0.0,1.476,1.834,1.516,4.448,-0.992,-0.878,0.895,-0.996,60.05,5.198,0.051,5.209
912201,PM130EH,Thu Jun 27 19:56:42 CDT 2013,11061.0,7392.0,9157.0,75757.0,1304.9999,194.0,4503.0,24762.0,11404.0,8414.0,10325.0,81191.0,128.3,128.9,129.5,17.23,7.44,11.73,2.161,0.736,1.299,4.205,0.147,-0.5,0.678,0.328,2.166,0.889,1.465,4.218,0.998,-0.827,0.887,0.997,60.0,5.198,0.051,5.209
912201,PM130EH,Thu Jun 27 20:01:45 CDT 2013,11061.0,7392.0,9157.0,75758.0,1304.9999,194.0,4503.0,24762.0,11404.0,8414.0,10325.0,81191.0,129.2,128.4,129.0,11.61,11.31,11.4,1.381,1.403,1.278,4.062,-0.228,-0.127,0.637,0.283,1.399,1.409,1.428,4.072,-0.987,-0.996,0.895,0.998,60.01,5.198,0.051,5.209
912201,PM130EH,Thu Jun 27 20:06:45 CDT 2013,11061.0,7392.0,9157.0,75758.0,1304.9999,194.0,4503.0,24762.0,11404.0,8415.0,10325.0,81192.0,128.7,128.0,129.6,18.1,15.55,14.6,2.282,1.829,1.622,5.71,0.13,-0.703,0.892,0.329,2.286,1.959,1.851,5.72,0.998,-0.933,0.876,0.998,60.01,4.561,0.15,4.569
912201,PM130EH,Thu Jun 27 20:11:42 CDT 2013,11061.0,7392.0,9158.0,75759.0,1304.9999,194.0,4503.0,24762.0,11404.0,8415.0,10325.0,81192.0,129.3,128.8,129.0,12.1,9.95,14.28,1.463,1.185,1.587,4.373,-0.252,-0.345,0.855,0.184,1.484,1.234,1.802,4.377,-0.985,-0.96,0.88,0.999,60.04,4.561,0.15,4.569
912201,PM130EH,Thu Jun 27 20:16:42 CDT 2013,11061.0,7392.0,9158.0,75759.0,1304.9999,194.0,4503.0,24762.0,11405.0,8415.0,10325.0,81192.0,127.1,129.1,129.4,29.28,11.37,14.24,3.686,1.4,1.539,6.626,-0.31,-0.282,0.931,0.343,3.699,1.428,1.799,6.635,-0.996,-0.98,0.856,0.999,60.01,4.561,0.15,4.569
912201,PM130EH,Thu Jun 27 20:21:42 CDT 2013,11061.0,7393.0,9158.0,75760.0,1304.9999,194.0,4504.0,24762.0,11405.0,8415.0,10325.0,81193.0,128.2,127.3,129.7,18.62,19.18,11.62,2.337,2.364,1.295,5.999,0.156,-0.481,0.672,0.344,2.342,2.412,1.459,6.009,0.998,-0.98,0.888,0.998,60.03,5.473,0.327,5.49
912201,PM130EH,Thu Jun 27 20:26:45 CDT 2013,11061.0,7393.0,9158.0,75760.0,1304.9999,194.0,4504.0,24762.0,11406.0,8415.0,10325.0,81193.0,128.3,128.5,129.0,15.63,9.47,12.63,1.906,1.009,1.45,4.37,-0.367,-0.577,0.631,0.0,1.941,1.163,1.581,4.381,-0.982,-0.868,0.917,-0.997,60.03,5.473,0.327,5.49
912201,PM130EH,Thu Jun 27 20:31:45 CDT 2013,11062.0,7393.0,9158.0,75761.0,1304.9999,194.0,4504.0,24762.0,11406.0,8415.0,10325.0,81194.0,126.8,128.7,129.4,27.12,10.18,12.66,3.395,1.124,1.459,5.977,-0.214,-0.576,0.638,0.0,3.401,1.262,1.592,5.979,-0.998,-0.89,0.916,1.0,60.02,5.473,0.327,5.49
912201,PM130EH,Thu Jun 27 20:36:45 CDT 2013,11062.0,7393.0,9158.0,75761.0,1304.9999,194.0,4504.0,24762.0,11406.0,8416.0,10325.0,81194.0,126.9,127.8,129.2,25.59,15.94,12.55,3.133,1.754,1.438,6.318,-0.698,-0.976,0.641,0.0,3.21,2.007,1.574,6.402,-0.976,-0.874,0.913,-0.987,59.94,5.87,0.152,5.898
912201,PM130EH,Thu Jun 27 20:41:45 CDT 2013,11062.0,7394.0,9158.0,75762.0,1304.9999,194.0,4504.0,24762.0,11406.0,8416.0,10325.0,81195.0,128.1,128.9,129.4,20.65,10.2,15.46,2.599,1.062,1.862,5.498,0.045,-0.674,0.597,0.0,2.599,1.258,1.955,5.498,1.0,-0.844,0.952,1.0,59.98,5.87,0.152,5.898
912201,PM130EH,Thu Jun 27 20:46:42 CDT 2013,11062.0,7394.0,9158.0,75762.0,1304.9999,194.0,4504.0,24762.0,11406.0,8417.0,10325.0,81195.0,128.9,128.7,128.6,13.5,10.46,15.28,1.626,1.068,1.819,4.527,-0.339,-0.726,0.609,0.0,1.661,1.291,1.918,4.551,-0.979,-0.827,0.948,-0.995,59.98,5.87,0.152,5.898
912201,PM130EH,Thu Jun 27 20:51:42 CDT 2013,11062.0,7394.0,9159.0,75762.0,1304.9999,194.0,4504.0,24762.0,11406.0,8417.0,10325.0,81196.0,128.4,127.2,128.4,13.49,17.27,15.37,1.612,1.882,1.832,5.317,-0.361,-1.063,0.588,0.0,1.652,2.161,1.924,5.382,-0.976,-0.871,0.952,-0.988,60.02,5.477,0.003,5.501
912201,PM130EH,Thu Jun 27 20:56:42 CDT 2013,11062.0,7394.0,9159.0,75763.0,1304.9999,194.0,4504.0,24762.0,11406.0,8417.0,10326.0,81196.0,128.4,128.2,128.2,13.49,10.29,15.07,1.619,1.038,1.806,4.471,-0.35,-0.721,0.562,0.0,1.656,1.264,1.891,4.501,-0.977,-0.821,0.955,-0.993,59.97,5.477,0.003,5.501
912201,PM130EH,Thu Jun 27 21:01:42 CDT 2013,11062.0,7394.0,9159.0,75763.0,1304.9999,194.0,4504.0,24762.0,11406.0,8417.0,10326.0,81197.0,128.7,128.5,128.4,13.57,9.65,15.14,1.631,0.955,1.814,4.444,-0.348,-0.693,0.567,0.0,1.668,1.18,1.901,4.469,-0.978,-0.809,0.955,-0.994,59.97,5.477,0.003,5.501
912201,PM130EH,Thu Jun 27 21:06:42 CDT 2013,11062.0,7394.0,9159.999,75764.0,1304.9999,194.0,4504.0,24762.0,11407.0,8417.0,10326.0,81197.0,128.8,127.9,129.1,13.6,16.21,13.78,1.627,1.711,1.601,4.911,-0.355,-1.098,0.64,0.0,1.665,2.033,1.725,4.975,-0.977,-0.842,0.929,-0.987,60.02,4.786,0.0,4.829
912201,PM130EH,Thu Jun 27 21:11:42 CDT 2013,11062.0,7394.0,9159.999,75764.0,1304.9999,194.0,4504.0,24762.0,11407.0,8417.0,10326.0,81197.0,128.4,128.9,128.7,14.79,8.1,12.99,1.796,0.778,1.481,5.422,-0.348,-0.581,0.635,0.206,1.829,0.971,1.612,5.426,-0.982,-0.801,0.919,0.999,60.0,4.786,0.0,4.829
912201,PM130EH,Thu Jun 27 21:16:42 CDT 2013,11062.0,7394.0,9161.0,75764.0,1304.9999,194.0,4504.0,24762.0,11407.0,8417.0,10326.0,81198.0,127.2,128.4,128.9,19.7,7.63,12.89,2.459,0.732,1.504,4.692,0.074,-0.545,0.604,0.117,2.46,0.913,1.621,4.693,1.0,-0.802,0.928,1.0,59.99,4.786,0.0,4.829
912201,PM130EH,Thu Jun 27 21:21:45 CDT 2013,11062.0,7394.0,9161.0,75765.0,1304.9999,194.0,4504.0,24762.0,11408.0,8417.0,10326.0,81198.0,127.7,127.7,129.3,19.66,14.46,13.59,2.466,1.57,1.59,5.63,0.073,-0.901,0.624,0.0,2.467,1.81,1.708,5.633,1.0,-0.867,0.931,-0.999,59.98,4.813,0.032,4.831
912201,PM130EH,Thu Jun 27 21:26:42 CDT 2013,11062.0,7394.0,9161.0,75765.0,1304.9999,194.0,4504.0,24762.0,11408.0,8417.0,10326.0,81199.0,127.5,128.1,129.2,19.55,11.51,13.45,2.442,1.196,1.576,5.576,0.083,-0.771,0.618,0.0,2.444,1.424,1.693,5.582,0.999,-0.84,0.931,-0.999,59.99,4.813,0.032,4.831
912201,PM130EH,Thu Jun 27 21:31:45 CDT 2013,11063.0,7394.0,9161.0,75766.0,1304.9999,194.0,4504.0,24762.0,11408.0,8418.0,10326.0,81199.0,128.6,128.3,128.6,12.39,8.98,12.91,1.501,0.931,1.506,3.939,-0.232,-0.578,0.599,0.0,1.519,1.096,1.62,3.944,-0.988,-0.85,0.929,-0.999,59.99,4.813,0.032,4.831
912201,PM130EH,Thu Jun 27 21:36:45 CDT 2013,11063.0,7394.0,9161.0,75766.0,1304.9999,194.0,4504.0,24762.0,11408.0,8418.0,10326.0,81199.0,128.3,127.2,127.9,10.74,14.62,13.18,1.259,1.568,1.521,4.387,-0.245,-0.925,0.591,0.0,1.283,1.82,1.632,4.426,-0.982,-0.861,0.932,-0.991,60.03,4.949,0.071,4.956
912201,PM130EH,Thu Jun 27 21:41:46 CDT 2013,11063.0,7394.0,9161.0,75766.0,1304.9999,194.0,4504.0,24762.0,11409.0,8418.0,10326.0,81200.0,128.4,127.2,128.7,10.78,14.52,12.69,1.275,1.558,1.457,4.291,-0.23,-0.927,0.628,0.0,1.296,1.813,1.586,4.324,-0.984,-0.859,0.918,-0.992,60.03,4.949,0.071,4.956
912201,PM130EH,Thu Jun 27 21:46:45 CDT 2013,11064.001,7394.0,9161.0,75767.0,1304.9999,194.0,4504.0,24762.0,11409.0,8418.0,10326.0,81200.0,128.5,128.1,128.0,10.44,7.71,13.39,1.239,0.727,1.553,3.522,-0.219,-0.562,0.588,0.0,1.258,0.919,1.661,3.526,-0.985,-0.791,0.935,-0.999,60.0,4.949,0.071,4.956
912201,PM130EH,Thu Jun 27 21:51:46 CDT 2013,11064.001,7394.0,9161.0,75767.0,1304.9999,194.0,4504.0,24762.0,11409.0,8418.0,10326.0,81200.0,128.4,127.4,128.9,11.61,15.42,11.33,1.373,1.666,1.232,4.248,-0.269,-0.969,0.656,0.0,1.4,1.927,1.395,4.285,-0.981,-0.865,0.883,-0.991,59.96,4.06,0.005,4.079
912201,PM130EH,Thu Jun 27 21:56:46 CDT 2013,11064.001,7395.0,9161.0,75767.0,1304.9999,194.0,4505.0,24762.0,11409.0,8418.0,10327.0,81201.0,128.3,127.4,128.6,11.68,14.91,11.27,1.377,1.566,1.22,4.167,-0.276,-1.005,0.646,0.0,1.405,1.861,1.38,4.214,-0.98,-0.842,0.884,-0.989,59.97,4.06,0.005,4.079
912201,PM130EH,Thu Jun 27 22:01:42 CDT 2013,11064.001,7395.0,9161.0,75768.0,1304.9999,194.0,4505.0,24762.0,11409.0,8418.0,10327.0,81201.0,125.9,129.1,129.5,32.87,8.45,11.02,4.096,0.831,1.224,6.179,-0.418,-0.603,0.634,0.0,4.117,1.027,1.378,6.191,-0.995,-0.81,0.888,-0.998,60.03,4.06,0.005,4.079
912201,PM130EH,Thu Jun 27 22:06:42 CDT 2013,11064.001,7395.0,9161.0,75768.0,1304.9999,194.0,4505.0,24762.0,11410.0,8418.0,10327.0,81202.01,127.0,127.7,128.5,18.7,9.25,10.78,2.327,0.923,1.207,4.467,0.106,-0.644,0.583,0.047,2.329,1.125,1.34,4.467,0.999,-0.82,0.901,1.0,59.99,4.371,0.014,4.39
912201,PM130EH,Thu Jun 27 22:11:42 CDT 2013,11064.001,7395.0,9162.0,75769.01,1304.9999,194.0,4505.0,24762.0,11410.0,8418.0,10327.0,81202.01,126.6,126.8,128.9,18.88,15.39,10.92,2.336,1.628,1.219,5.17,0.107,-1.015,0.604,0.0,2.338,1.918,1.361,5.179,0.999,-0.848,0.896,-0.998,59.98,4.371,0.014,4.39
912201,PM130EH,Thu Jun 27 22:16:45 CDT 2013,11064.001,7395.0,9162.0,75769.01,1304.9999,194.0,4505.0,24762.0,11410.0,8418.0,10327.0,81202.01,127.2,127.9,128.8,18.01,8.44,10.77,2.237,0.813,1.207,4.257,0.142,-0.612,0.588,0.11,2.242,1.017,1.343,4.259,0.998,-0.799,0.899,1.0,60.0,4.371,0.014,4.39
912201,PM130EH,Thu Jun 27 22:21:42 CDT 2013,11064.001,7395.0,9162.0,75769.01,1304.9999,194.0,4505.0,24762.0,11411.0,8418.0,10327.0,81203.0,127.0,127.8,128.7,18.0,8.68,10.57,2.229,0.886,1.16,4.246,0.139,-0.559,0.607,0.188,2.234,1.048,1.31,4.251,0.998,-0.846,0.886,0.999,59.94,4.719,0.055,4.723
912201,PM130EH,Thu Jun 27 22:26:42 CDT 2013,11065.0,7395.0,9162.0,75770.0,1304.9999,194.0,4505.0,24762.0,11411.0,8418.0,10327.0,81203.0,128.4,127.1,128.9,10.78,14.8,10.1,1.272,1.586,1.112,3.963,-0.22,-0.944,0.595,0.0,1.29,1.846,1.261,4.005,-0.985,-0.859,0.882,-0.99,60.02,4.719,0.055,4.723
912201,PM130EH,Thu Jun 27 22:31:42 CDT 2013,11065.0,7395.0,9162.0,75770.0,1304.9999,194.0,4505.0,24762.0,11411.0,8418.0,10328.001,81203.0,127.9,127.9,128.6,10.8,8.76,10.17,1.266,0.885,1.11,3.227,-0.197,-0.587,0.604,0.0,1.281,1.062,1.264,3.231,-0.988,-0.833,0.878,-0.999,59.99,4.719,0.055,4.723
912201,PM130EH,Thu Jun 27 22:36:42 CDT 2013,11065.0,7395.0,9162.0,75770.0,1304.9999,194.0,4505.0,24762.0,11411.0,8418.0,10328.001,81204.0,128.2,127.9,128.1,10.04,8.79,10.36,1.174,0.88,1.123,3.142,-0.202,-0.589,0.601,0.0,1.191,1.059,1.274,3.147,-0.986,-0.831,0.882,-0.998,59.96,3.935,0.035,3.953
912201,PM130EH,Thu Jun 27 22:41:45 CDT 2013,11065.0,7395.0,9163.0,75771.0,1304.9999,194.0,4505.0,24762.0,11411.0,8418.0,10328.001,81204.0,128.3,127.2,128.4,10.06,14.59,10.5,1.171,1.554,1.133,3.858,-0.2,-0.941,0.618,0.0,1.188,1.817,1.29,3.894,-0.986,-0.856,0.878,-0.991,59.99,3.935,0.035,3.953
912201,PM130EH,Thu Jun 27 22:46:42 CDT 2013,11065.0,7395.0,9163.0,75771.0,1304.9999,194.0,4505.0,24762.0,11411.0,8418.0,10329.0,81204.0,128.5,128.1,128.5,9.76,7.7,10.08,1.154,0.722,1.104,2.979,-0.169,-0.568,0.591,0.0,1.166,0.918,1.252,2.983,-0.989,-0.786,0.881,-0.999,60.03,3.935,0.035,3.953
912201,PM130EH,Thu Jun 27 22:51:42 CDT 2013,11065.0,7395.0,9163.0,75771.0,1304.9999,194.0,4505.0,24762.0,11411.0,8418.0,10329.0,81205.0,128.2,128.1,128.2,11.23,8.78,10.32,1.349,0.915,1.118,3.401,-0.184,-0.54,0.602,0.0,1.361,1.062,1.27,3.403,-0.991,-0.861,0.88,-0.999,60.01,3.455,0.0,3.474
912201,PM130EH,Thu Jun 27 22:56:45 CDT 2013,11066.0,7395.0,9163.0,75772.0,1304.9999,194.0,4505.0,24762.0,11411.0,8418.0,10329.0,81205.0,127.7,127.7,129.9,17.32,15.04,10.54,2.149,1.639,1.154,4.916,0.24,-0.935,0.646,0.0,2.163,1.887,1.323,4.916,0.994,-0.869,0.873,1.0,60.0,3.455,0.0,3.474
912201,PM130EH,Thu Jun 27 23:01:42 CDT 2013,11066.0,7395.0,9163.0,75772.0,1304.9999,194.0,4505.0,24762.0,11411.0,8418.0,10330.0,81205.0,127.8,127.8,129.4,17.1,13.93,10.67,2.126,1.464,1.154,4.754,0.216,-0.941,0.648,0.0,2.137,1.74,1.324,4.755,0.995,-0.841,0.872,1.0,59.97,3.455,0.0,3.474
912201,PM130EH,Thu Jun 27 23:06:45 CDT 2013,11066.0,7395.0,9163.0,75772.0,1304.9999,194.0,4505.0,24762.0,11411.0,8418.0,10330.0,81206.0,127.2,128.2,128.5,15.81,6.95,9.65,1.972,0.57,1.01,3.551,0.156,-0.574,0.639,0.221,1.978,0.809,1.195,3.558,0.997,-0.705,0.845,0.998,60.0,4.268,0.145,4.277
912201,PM130EH,Thu Jun 27 23:11:42 CDT 2013,11066.0,7395.9995,9163.0,75773.0,1304.9999,194.0,4505.0,24762.0,11411.0,8418.0,10330.0,81206.0,127.1,127.3,128.8,15.76,13.02,9.53,1.967,1.294,0.998,4.296,0.153,-0.967,0.636,0.0,1.973,1.616,1.183,4.299,0.997,-0.801,0.843,-0.999,60.04,4.268,0.145,4.277
912201,PM130EH,Thu Jun 27 23:16:42 CDT 2013,11066.0,7395.9995,9163.0,75773.0,1304.9999,194.0,4505.0,24762.0,11412.0,8418.0,10330.0,81206.0,127.9,127.1,128.3,8.62,13.0,9.77,0.997,1.291,1.023,3.311,-0.218,-0.967,0.652,0.0,1.02,1.613,1.213,3.352,-0.977,-0.8,0.843,-0.988,59.99,4.268,0.145,4.277
912201,PM130EH,Thu Jun 27 23:21:42 CDT 2013,11066.0,7395.9995,9163.0,75773.0,1304.9999,194.0,4506.0,24762.0,11412.0,8418.0,10330.0,81206.0,127.9,128.0,128.5,8.46,6.76,9.42,0.996,0.558,0.999,2.548,-0.186,-0.564,0.614,0.0,1.013,0.793,1.173,2.552,-0.983,-0.703,0.852,-0.998,60.03,3.43,0.053,3.443
912201,PM130EH,Thu Jun 27 23:26:42 CDT 2013,11066.0,7395.9995,9163.0,75773.0,1304.9999,194.0,4506.0,24762.0,11412.0,8418.0,10330.0,81207.0,128.0,127.9,128.4,8.53,7.15,9.56,0.999,0.659,1.012,2.663,-0.19,-0.531,0.626,0.0,1.016,0.846,1.19,2.665,-0.982,-0.778,0.85,-0.999,60.02,3.43,0.053,3.443
912201,PM130EH,Thu Jun 27 23:31:42 CDT 2013,11066.0,7397.0,9163.0,75774.0,1304.9999,194.0,4506.0,24762.0,11413.0,8418.0,10330.0,81207.0,128.2,127.2,128.8,8.56,13.71,9.71,1.0,1.391,1.02,3.389,-0.197,-0.991,0.649,0.0,1.019,1.708,1.209,3.433,-0.981,-0.814,0.844,-0.987,60.03,3.43,0.053,3.443
912201,PM130EH,Thu Jun 27 23:36:45 CDT 2013,11066.0,7397.0,9163.0,75774.0,1304.9999,194.0,4506.0,24762.0,11413.0,8418.0,10330.0,81207.0,128.3,128.1,128.6,8.64,7.98,9.77,1.002,0.757,1.029,2.787,-0.206,-0.593,0.648,0.0,1.022,0.962,1.216,2.791,-0.98,-0.788,0.846,-0.999,60.07,3.011,0.0,3.031
912201,PM130EH,Thu Jun 27 23:41:46 CDT 2013,11066.0,7397.0,9163.0,75774.0,1304.9999,194.0,4506.0,24762.0,11413.0,8418.0,10330.0,81207.0,128.2,128.1,128.9,8.5,7.19,9.43,1.009,0.653,0.997,2.646,-0.172,-0.555,0.621,0.0,1.024,0.857,1.174,2.648,-0.986,-0.762,0.849,-0.999,60.01,3.011,0.0,3.031
912201,PM130EH,Thu Jun 27 23:46:42 CDT 2013,11067.0,7397.0,9163.0,75774.0,1304.9999,194.0,4506.0,24762.0,11413.0,8418.0,10330.0,81208.0,127.2,127.2,129.1,15.92,13.41,9.57,1.987,1.378,1.009,4.409,0.18,-0.942,0.635,0.0,1.995,1.669,1.192,4.41,0.996,-0.826,0.846,1.0,60.02,3.011,0.0,3.031
912201,PM130EH,Thu Jun 27 23:51:45 CDT 2013,11067.0,7397.0,9163.0,75775.0,1304.9999,194.0,4506.0,24762.0,11414.0,8418.0,10330.0,81208.0,127.3,128.3,128.6,15.8,6.9,9.84,1.969,0.569,1.029,3.527,0.143,-0.566,0.654,0.228,1.974,0.803,1.22,3.535,0.997,-0.709,0.844,0.998,60.06,3.486,0.057,3.499
912201,PM130EH,Thu Jun 27 23:56:42 CDT 2013,11067.0,7397.0,9163.0,75775.0,1304.9999,194.0,4506.0,24762.0,11414.0,8418.0,10330.0,81208.0,127.2,128.3,128.9,15.66,6.96,9.86,1.949,0.643,1.044,3.631,0.192,-0.516,0.653,0.329,1.959,0.824,1.231,3.646,0.995,-0.78,0.848,0.996,60.03,3.486,0.057,3.499
